ds,trend,additive_terms,day_of_week,extra_regressors_additive,is_weekend,month,weekly,year,yearly,multiplicative_terms,yhat
2019-01-01,164723.98973658003,-87113.9044420792,-2062.500711178655,-85557.82398646422,0.0,-76961.03240794611,-30828.194567807175,-6534.290867339455,29272.114112192183,0.0,77610.08529450082
2019-01-02,164591.41108017566,-89410.30642990036,-1028.852098948422,-84524.175374234,0.0,-76961.03240794611,-32453.948076775814,-6534.290867339455,27567.817021109448,0.0,75181.1046502753
2019-01-03,164458.83242377132,-78174.7688045892,4.796513281810738,-83490.52676200375,0.0,-76961.03240794611,-20797.039682434533,-6534.290867339455,26112.7976398491,0.0,86284.06361918212
2019-01-04,164326.25376736696,-80433.10533844275,1038.4451255120434,-82456.87814977352,0.0,-76961.03240794611,-22883.70558402982,-6534.290867339455,24907.4783953606,0.0,83893.1484289242
2019-01-05,164193.67511096262,-32439.575625042897,2072.0937377422765,-62075.27944105029,19347.950096493,-76961.03240794611,5690.014513894516,-6534.290867339455,23945.689302112874,0.0,131754.09948591972
2019-01-06,164061.09645455828,1383.9096865108022,3105.742349972509,-61041.63082882005,19347.950096493,-76961.03240794611,39210.317114363635,-6534.290867339455,23215.22340096722,0.0,165445.00614106908
2019-01-07,163928.51779815392,-1830.4012910000806,-3096.1493234088875,-86591.47259869445,0.0,-76961.03240794611,62062.556282867066,-6534.290867339455,22698.51502482731,0.0,162098.11650715384
2019-01-08,163795.93914174955,-94012.59914297379,-2062.500711178655,-85557.82398646422,0.0,-76961.03240794611,-30828.194567795,-6534.290867339455,22373.41941128543,0.0,69783.33999877576
2019-01-09,163663.36048534524,-94764.05316722143,-1028.852098948422,-84524.175374234,0.0,-76961.03240794611,-32453.948076783247,-6534.290867339455,22214.0702837958,0.0,68899.30731812381
2019-01-10,163530.78182894088,-82095.77565795984,4.796513281810738,-83490.52676200375,0.0,-76961.03240794611,-20797.03968252797,-6534.290867339455,22191.790786571895,0.0,81435.00617098104
2019-01-11,163398.2031725365,-83064.55113232987,1038.4451255120434,-82456.87814977352,0.0,-76961.03240794611,-22883.705584056304,-6534.290867339455,22276.03260149997,0.0,80333.65204020664
2019-01-12,163265.62451613217,-33949.94673194393,2072.0937377422765,-62075.27944105029,19347.950096493,-76961.03240794611,5690.014513869646,-6534.290867339455,22435.318195236716,0.0,129315.67778418824
2019-01-13,163133.04585972783,806.8482071320883,3105.742349972509,-61041.63082882005,19347.950096493,-76961.03240794611,39210.317114339596,-6534.290867339455,22638.161921612547,0.0,163939.8940668599
2019-01-14,163000.46720332347,-1674.9692160654897,-3096.1493234088875,-86591.47259869445,0.0,-76961.03240794611,62062.556282829064,-6534.290867339455,22853.9470997999,0.0,161325.497987258
2019-01-15,162867.88854691913,-93332.28040515623,-2062.500711178655,-85557.82398646422,0.0,-76961.03240794611,-30828.19456775335,-6534.290867339455,23053.738149061355,0.0,69535.6081417629
2019-01-16,162735.33823113522,-93767.11413353647,-1028.852098948422,-84524.175374234,0.0,-76961.03240794611,-32453.948076740682,-6534.290867339455,23211.0093174382,0.0,68968.22409759875
2019-01-17,162602.7879153513,-80985.2920298255,4.796513281810738,-83490.52676200375,0.0,-76961.03240794611,-20797.039682495342,-6534.290867339455,23302.274414673597,0.0,81617.4958855258
2019-01-18,162470.2375995674,-82032.97857525827,1038.4451255120434,-82456.87814977352,0.0,-76961.03240794611,-22883.70558408279,-6534.290867339455,23307.60515859805,0.0,80437.25902430913
2019-01-19,162337.68728378348,-33174.23575414729,2072.0937377422765,-62075.27944105029,19347.950096493,-76961.03240794611,5690.014513995515,-6534.290867339455,23211.02917290749,0.0,129163.4515296362
2019-01-20,162205.13696799954,1169.488516854989,3105.742349972509,-61041.63082882005,19347.950096493,-76961.03240794611,39210.31711423527,-6534.290867339455,23000.80223143978,0.0,163374.62548485454
2019-01-21,162072.58665221566,-1859.3633870563874,-3096.1493234088875,-86591.47259869445,0.0,-76961.03240794611,62062.55628289687,-6534.290867339455,22669.5529287412,0.0,160213.22326515926
2019-01-22,161940.03633643175,-94171.71708628077,-2062.500711178655,-85557.82398646422,0.0,-76961.03240794611,-30828.19456778681,-6534.290867339455,22214.30146797027,0.0,67768.31925015098
2019-01-23,161807.48602064783,-95341.76585016192,-1028.852098948422,-84524.175374234,0.0,-76961.03240794611,-32453.948076668927,-6534.290867339455,21636.357600741005,0.0,66465.72017048592
2019-01-24,161674.93570486392,-83346.46060400171,4.796513281810738,-83490.52676200375,0.0,-76961.03240794611,-20797.039682559745,-6534.290867339455,20941.10584056179,0.0,78328.47510086221
2019-01-25,161542.38538907998,-85202.89490979661,1038.4451255120434,-82456.87814977352,0.0,-76961.03240794611,-22883.70558410927,-6534.290867339455,20137.688824086184,0.0,76339.49047928337
2019-01-26,161409.83507329607,-37146.66288194272,2072.0937377422765,-62075.27944105029,19347.950096493,-76961.03240794611,5690.014513878828,-6534.290867339455,19238.60204522875,0.0,124263.17219135334
2019-01-27,161277.28475751219,-3572.098631441659,3105.742349972509,-61041.63082882005,19347.950096493,-76961.03240794611,39210.317114297664,-6534.290867339455,18259.21508308073,0.0,157705.18612607053
2019-01-28,161144.73444172827,-7311.680469752242,-3096.1493234088875,-86591.47259869445,0.0,-76961.03240794611,62062.556282858844,-6534.290867339455,17217.23584608338,0.0,153833.05397197604
2019-01-29,161012.18413254461,-100253.88331579766,-2062.500711178655,-85557.82398646422,0.0,-76961.03240794611,-30828.194567820272,-6534.290867339455,16132.135238486831,0.0,60758.30081674695
2019-01-30,160879.63382336096,-101953.57343893163,-1028.852098948422,-84524.175374234,0.0,-76961.03240794611,-32453.948076863893,-6534.290867339455,15024.550012166252,0.0,58926.06038442932
2019-01-31,160747.0835141773,-90371.88503944245,4.796513281810738,-83490.52676200375,0.0,-76961.03240794611,-20797.03968245911,-6534.290867339455,13915.68140502042,0.0,70375.19847473485
2019-02-01,160614.53320499364,-76396.18773673059,1038.4451255120434,-66339.18866103455,0.0,-60843.34291920715,-22883.70558402712,-6534.290867339455,12826.706508331099,0.0,84218.34546826305
2019-02-02,160481.98289580998,-28489.35725304906,2072.0937377422765,-45957.589952311326,19347.950096493,-60843.34291920715,5690.014513929327,-6534.290867339455,11778.218185332938,0.0,131992.62564276092
2019-02-03,160349.43258662632,5076.083605148387,3105.742349972509,-44923.941340081095,19347.950096493,-60843.34291920715,39210.31711431992,-6534.290867339455,10789.707830909567,0.0,165425.51619177472
2019-02-04,160216.88227744267,1467.8765490210135,-3096.1493234088875,-70473.78310995549,0.0,-60843.34291920715,62062.55628282389,-6534.290867339455,9879.10337615261,0.0,161684.7588264637
2019-02-05,160084.331968259,-91205.95629547737,-2062.500711178655,-69440.13449772526,0.0,-60843.34291920715,-30828.19456785373,-6534.290867339455,9062.372770101621,0.0,68878.37567278164
2019-02-06,159951.78165907532,-92507.23317443482,-1028.852098948422,-68406.48588549503,0.0,-60843.34291920715,-32453.948076900513,-6534.290867339455,8353.200787960719,0.0,67444.5484846405
2019-02-07,159819.2313498917,-80407.1324562889,4.796513281810738,-67372.83727326478,0.0,-60843.34291920715,-20797.03968252351,-6534.290867339455,7762.744499499409,0.0,79412.09889360279
2019-02-08,159686.681040708,-81923.42408229793,1038.4451255120434,-66339.18866103455,0.0,-60843.34291920715,-22883.70558405361,-6534.290867339455,7299.470162790227,0.0,77763.25695841007
2019-02-09,159554.13073152438,-33298.503672012695,2072.0937377422765,-45957.589952311326,19347.950096493,-60843.34291920715,5690.01451397983,-6534.290867339455,6969.071766318798,0.0,126255.62705951168
2019-02-10,159421.5804223407,1060.8447770637251,3105.742349972509,-44923.941340081095,19347.950096493,-60843.34291920715,39210.317114342164,-6534.290867339455,6774.4690028026525,0.0,160482.42519940442
2019-02-11,159289.03011315706,-1695.346635478575,-3096.1493234088875,-70473.78310995549,0.0,-60843.34291920715,62062.55628288559,-6534.290867339455,6715.880191591325,0.0,157593.68347767848
2019-02-12,159156.47989548257,-93477.36542950882,-2062.500711178655,-69440.13449772526,0.0,-60843.34291920715,-30828.194567812076,-6534.290867339455,6790.963636028513,0.0,65679.11446597375
2019-02-13,159023.9296778081,-93865.41480039195,-1028.852098948422,-68406.48588549503,0.0,-60843.34291920715,-32453.948076828754,-6534.290867339455,6995.019161931824,0.0,65158.51487741615
2019-02-14,158891.37946013364,-80848.63677870661,4.796513281810738,-67372.83727326478,0.0,-60843.34291920715,-20797.03968249088,-6534.290867339455,7321.2401770490505,0.0,78042.74268142703
2019-02-15,158758.82924245918,-81461.8886953221,1038.4451255120434,-66339.18866103455,0.0,-60843.34291920715,-22883.70558398441,-6534.290867339455,7761.005549696884,0.0,77296.94054713708
2019-02-16,158626.27902478472,-31963.375490123006,2072.0937377422765,-45957.589952311326,19347.950096493,-60843.34291920715,5690.014513846698,-6534.290867339455,8304.199948341622,0.0,126662.90353466172
2019-02-17,158493.72880711025,3225.9267923670873,3105.742349972509,-44923.941340081095,19347.950096493,-60843.34291920715,39210.317114278,-6534.290867339455,8939.551018170188,0.0,161719.65559947735
2019-02-18,158361.1785894358,1243.7450634259912,-3096.1493234088875,-70473.78310995549,0.0,-60843.34291920715,62062.55628285062,-6534.290867339455,9654.971890530855,0.0,159604.9236528618
2019-02-19,158228.62837176133,-89830.4310574158,-2062.500711178655,-69440.13449772526,0.0,-60843.34291920715,-30828.19456784554,-6534.290867339455,10437.898008154998,0.0,68398.19731434553
2019-02-20,158096.07815408686,-89584.82588838044,-1028.852098948422,-68406.48588549503,0.0,-60843.34291920715,-32453.94807675701,-6534.290867339455,11275.608073871586,0.0,68511.25226570643
2019-02-21,157963.5279364124,-76014.35690104162,4.796513281810738,-67372.83727326478,0.0,-60843.34291920715,-20797.039682458242,-6534.290867339455,12155.52005468142,0.0,81949.17103537077
2019-02-22,157830.97771873794,-76157.43969769668,1038.4451255120434,-66339.18866103455,0.0,-60843.34291920715,-22883.70558409362,-6534.290867339455,13065.454547431496,0.0,81673.53802104125
2019-02-23,157698.42750106347,-26273.71605449467,2072.0937377422765,-45957.589952311326,19347.950096493,-60843.34291920715,5690.0145138971975,-6534.290867339455,13993.859383919456,0.0,131424.7114465688
2019-02-24,157565.877283389,9216.366835475743,3105.742349972509,-44923.941340081095,19347.950096493,-60843.34291920715,39210.31711434037,-6534.290867339455,14929.991061216466,0.0,166782.24411886476
2019-02-25,157433.32706571452,7452.823538735,-3096.1493234088875,-70473.78310995549,0.0,-60843.34291920715,62062.55628281259,-6534.290867339455,15864.050365877894,0.0,164886.1506044495
2019-02-26,157300.77685770212,-83481.05771044965,-2062.500711178655,-69440.13449772526,0.0,-60843.34291920715,-30828.194567924635,-6534.290867339455,16787.27135520024,0.0,73819.71914725247
2019-02-27,157168.22664968966,-83168.46935963527,-1028.852098948422,-68406.48588549503,0.0,-60843.34291920715,-32453.948076793622,-6534.290867339455,17691.96460265337,0.0,73999.75729005439
2019-02-28,157035.6764416772,-69598.35970551094,4.796513281810738,-67372.83727326478,0.0,-60843.34291920715,-20797.039682454648,-6534.290867339455,18571.517250208493,0.0,87437.31673616626
2019-03-01,156903.12623366478,-53684.85087284348,1038.4451255120434,-50221.499172295604,0.0,-44725.65343046819,-22883.70558402443,-6534.290867339455,19420.353883476553,0.0,103218.2753608213
2019-03-02,156770.57602565235,-3916.0224390473395,2072.0937377422765,-29839.900463572376,19347.950096493,-44725.65343046819,5690.014513947698,-6534.290867339455,20233.863510577336,0.0,152854.553586605
2019-03-03,156638.0258176399,31412.36420633946,3105.742349972509,-28806.251851342142,19347.950096493,-44725.65343046819,39210.31711440276,-6534.290867339455,21008.29894327884,0.0,188050.39002397936
2019-03-04,156505.47560962747,29447.11828273387,-3096.1493234088875,-54356.09362121654,0.0,-44725.65343046819,62062.556282774574,-6534.290867339455,21740.655621175832,0.0,185952.59389236133
2019-03-05,156372.92540161504,-61722.102209538214,-2062.500711178655,-53322.44500898631,0.0,-44725.65343046819,-30828.19456762533,-6534.290867339455,22428.537367073423,0.0,94650.82319207682
2019-03-06,156240.37519360258,-61672.72776738192,-1028.852098948422,-52288.79639675608,0.0,-44725.65343046819,-32453.94807680104,-6534.290867339455,23070.01670617519,0.0,94567.64742622066
2019-03-07,156107.82498559015,-48388.690241193864,4.796513281810738,-51255.147784525834,0.0,-44725.65343046819,-20797.039682519047,-6534.290867339455,23663.497225851028,0.0,107719.13474439629
2019-03-08,155975.27477757772,-48897.6197467913,1038.4451255120434,-50221.499172295604,0.0,-44725.65343046819,-22883.705584050906,-6534.290867339455,24207.585009555212,0.0,107077.65503078642
2019-03-09,155842.72456956527,551.0895207437101,2072.0937377422765,-29839.900463572376,19347.950096493,-44725.65343046819,5690.014513922828,-6534.290867339455,24700.975470393252,0.0,156393.81409030897
2019-03-10,155710.17436155284,35546.42623205378,3105.742349972509,-28806.251851342142,19347.950096493,-44725.65343046819,39210.31711433858,-6534.290867339455,25142.360969057343,0.0,191256.60059360662
2019-03-11,155577.6241535404,33236.82612820967,-3096.1493234088875,-54356.09362121654,0.0,-44725.65343046819,62062.556282839345,-6534.290867339455,25530.36346658686,0.0,188814.4502817501
2019-03-12,155445.07395971662,-58287.14439624002,-2062.500711178655,-53322.44500898631,0.0,-44725.65343046819,-30828.194567704428,-6534.290867339455,25863.495180450707,0.0,97157.9295634766
2019-03-13,155312.52376589287,-58602.59564020359,-1028.852098948422,-52288.79639675608,0.0,-44725.65343046819,-32453.948076808465,-6534.290867339455,26140.148833360952,0.0,96709.92812568927
2019-03-14,155179.97357206914,-45693.56980582897,4.796513281810738,-51255.147784525834,0.0,-44725.65343046819,-20797.03968258345,-6534.290867339455,26358.617661280317,0.0,109486.40376624017
2019-03-15,155047.42337824535,-46588.060821730665,1038.4451255120434,-50221.499172295604,0.0,-44725.65343046819,-22883.705584051495,-6534.290867339455,26517.143934616437,0.0,108459.36255651468
2019-03-16,154914.8731844216,2464.1074484252013,2072.0937377422765,-29839.900463572376,19347.950096493,-44725.65343046819,5690.014513956884,-6534.290867339455,26613.993398040693,0.0,157378.9806328468
2019-03-17,154782.32299059784,37051.61706388578,3105.742349972509,-28806.251851342142,19347.950096493,-44725.65343046819,39210.31711436082,-6534.290867339455,26647.551800867095,0.0,191833.94005448362
2019-03-18,154649.77279677408,34322.901278714045,-3096.1493234088875,-54356.09362121654,0.0,-44725.65343046819,62062.55628280439,-6534.290867339455,26616.4386171262,0.0,188972.67407548812
2019-03-19,154517.22260295032,-57631.007392997824,-2062.500711178655,-53322.44500898631,0.0,-44725.65343046819,-30828.19456773789,-6534.290867339455,26519.63218372637,0.0,96886.2152099525
2019-03-20,154384.67240912656,-58386.14462530783,-1028.852098948422,-52288.79639675608,0.0,-44725.65343046819,-32453.948076736713,-6534.290867339455,26356.59984818495,0.0,95998.52778381873
2019-03-21,154252.1222153028,-45924.76112719685,4.796513281810738,-51255.147784525834,0.0,-44725.65343046819,-20797.039682579853,-6534.290867339455,26127.426339908845,0.0,108327.36108810596
2019-03-22,154119.57202147905,-47272.271281138295,1038.4451255120434,-50221.499172295604,0.0,-44725.65343046819,-22883.705584077983,-6534.290867339455,25832.93347523529,0.0,106847.30074034075
2019-03-23,153987.0218276553,1324.8985322913857,2072.0937377422765,-29839.900463572376,19347.950096493,-44725.65343046819,5690.014513932011,-6534.290867339455,25474.784481931743,0.0,155311.92035994667
2019-03-24,153854.47163383153,35459.63194206139,3105.742349972509,-28806.251851342142,19347.950096493,-44725.65343046819,39210.31711438309,-6534.290867339455,25055.56667902044,0.0,189314.10357589292
2019-03-25,153721.9214467872,32285.309619132135,-3096.1493234088875,-54356.09362121654,0.0,-44725.65343046819,62062.55628276941,-6534.290867339455,24578.846957579273,0.0,186007.23106591933
2019-03-26,153589.37125974282,-60101.44412263132,-2062.500711178655,-53322.44500898631,0.0,-44725.65343046819,-30828.194567696235,-6534.290867339455,24049.195454051223,0.0,93487.9271371115
2019-03-27,153456.82107269848,-61270.570517107684,-1028.852098948422,-52288.79639675608,0.0,-44725.65343046819,-32453.9480768525,-6534.290867339455,23472.173956500894,0.0,92186.2505555908
2019-03-28,153324.2708856541,-49197.90057070155,4.796513281810738,-51255.147784525834,0.0,-44725.65343046819,-20797.03968254722,-6534.290867339455,22854.286896371512,0.0,104126.37031495257
2019-03-29,153191.72069860977,-50902.31054912519,1038.4451255120434,-50221.499172295604,0.0,-44725.65343046819,-22883.70558410446,-6534.290867339455,22202.89420727488,0.0,102289.41014948458
2019-03-30,153059.1705115654,-2623.7991220457284,2072.0937377422765,-29839.900463572376,19347.950096493,-44725.65343046819,5690.01451398251,-6534.290867339455,21526.08682754413,0.0,150435.37138951969
2019-03-31,152926.62032452103,31236.592393624447,3105.742349972509,-28806.251851342142,19347.950096493,-44725.65343046819,39210.31711444546,-6534.290867339455,20832.527130521128,0.0,184163.21271814549
2019-04-01,152794.0701374767,43955.41018206079,-3096.1493234088875,-38238.40413247759,0.0,-28607.96394172924,62062.55628293389,-6534.290867339455,20131.25803160447,0.0,196749.48031953748
2019-04-02,152661.51995043232,-48601.46419809601,-2062.500711178655,-37204.75552024735,0.0,-28607.96394172924,-30828.194567729697,-6534.290867339455,19431.485889881038,0.0,104060.05575233631
2019-04-03,152528.96976338796,-49882.71144176111,-1028.852098948422,-36171.106908017115,0.0,-28607.96394172924,-32453.948076780747,-6534.290867339455,18742.34354303676,0.0,102646.25832162684
2019-04-04,152396.41957634361,-37861.85713751067,4.796513281810738,-35137.458295786884,0.0,-28607.96394172924,-20797.039682514584,-6534.290867339455,18072.640840790802,0.0,114534.56243883295
2019-04-05,152263.86938929925,-39556.90443445697,1038.4451255120434,-34103.809683556654,0.0,-28607.96394172924,-22883.705584130937,-6534.290867339455,17430.610833230625,0.0,112706.96495484227
2019-04-06,152131.31920225488,8791.463832055633,2072.0937377422765,-13722.21097483342,19347.950096493,-28607.96394172924,5690.014513865825,-6534.290867339455,16823.660293023226,0.0,160922.7830343105
2019-04-07,151998.76901521054,42779.88823129238,3105.742349972509,-12688.562362603188,19347.950096493,-28607.96394172924,39210.31711434115,-6534.290867339455,16258.133479554424,0.0,194778.65724650293
2019-04-08,151866.21882455042,39563.25012454094,-3096.1493234088875,-38238.40413247759,0.0,-28607.96394172924,62062.55628289284,-6534.290867339455,15739.097974125685,0.0,191429.46894909136
2019-04-09,151733.66863389025,-52762.78906467585,-2062.500711178655,-37204.75552024735,0.0,-28607.96394172924,-30828.194567763156,-6534.290867339455,15270.161023334651,0.0,98970.87956921439
2019-04-10,151601.11844323014,-53771.73085618251,-1028.852098948422,-36171.106908017115,0.0,-28607.96394172924,-32453.948076788176,-6534.290867339455,14853.32412862279,0.0,97829.38758704762
2019-04-11,151468.56825257,-41445.61534816238,4.796513281810738,-35137.458295786884,0.0,-28607.96394172924,-20797.039682578987,-6534.290867339455,14488.882630203496,0.0,110022.95290440762
2019-04-12,151336.01806190988,-42812.13948866368,1038.4451255120434,-34103.809683556654,0.0,-28607.96394172924,-22883.7055840488,-6534.290867339455,14175.375778941776,0.0,108523.87857324621
2019-04-13,151203.46787124974,5877.394846319119,2072.0937377422765,-13722.21097483342,19347.950096493,-28607.96394172924,5690.014513916326,-6534.290867339455,13909.591307236216,0.0,157080.86271756887
2019-04-14,151070.9176805896,40208.38159397426,3105.742349972509,-12688.562362603188,19347.950096493,-28607.96394172924,39210.31711440353,-6534.290867339455,13686.62684217391,0.0,191279.29927456385
2019-04-15,150938.36748992946,37324.16085393496,-3096.1493234088875,-38238.40413247759,0.0,-28607.96394172924,62062.55628285786,-6534.290867339455,13500.008703554675,0.0,188262.52834386443
2019-04-16,150805.81729926934,-54691.083336652904,-2062.500711178655,-37204.75552024735,0.0,-28607.96394172924,-30828.19456779662,-6534.290867339455,13341.86675139107,0.0,96114.73396261645
2019-04-17,150673.2671086092,-55421.89293165782,-1028.852098948422,-36171.106908017115,0.0,-28607.96394172924,-32453.94807674561,-6534.290867339455,13203.16205310491,0.0,95251.37417695139
2019-04-18,150540.71691794906,-42860.53568720242,4.796513281810738,-35137.458295786884,0.0,-28607.96394172924,-20797.03968250739,-6534.290867339455,13073.962291091864,0.0,107680.18123074665
2019-04-19,150408.16672728895,-44043.75717887422,1038.4451255120434,-34103.809683556654,0.0,-28607.96394172924,-22883.705584170963,-6534.290867339455,12943.758088853398,0.0,106364.40954841473
2019-04-20,150275.61653662878,4769.615396941907,2072.0937377422765,-13722.21097483342,19347.950096493,-28607.96394172924,5690.014513966824,-6534.290867339455,12801.811857808501,0.0,155045.23193357067
2019-04-21,150143.06634596866,39159.284164232056,3105.742349972509,-12688.562362603188,19347.950096493,-28607.96394172924,39210.31711442578,-6534.290867339455,12637.529412409462,0.0,189302.35051020072
2019-04-22,150010.51616128464,36264.99566824977,-3096.1493234088875,-38238.40413247759,0.0,-28607.96394172924,62062.55628292567,-6534.290867339455,12440.84351780168,0.0,186275.51182953443
2019-04-23,149877.96597660062,-55830.352324465115,-2062.500711178655,-37204.75552024735,0.0,-28607.96394172924,-30828.194567754967,-6534.290867339455,12202.5977635372,0.0,94047.61365213551
2019-04-24,149745.4157919166,-56710.13625349638,-1028.852098948422,-36171.106908017115,0.0,-28607.96394172924,-32453.948076753026,-6534.290867339455,11914.918731273761,0.0,93035.27953842023
2019-04-25,149612.86560723258,-44362.933612221,4.796513281810738,-35137.458295786884,0.0,-28607.96394172924,-20797.039682571794,-6534.290867339455,11571.564366137685,0.0,105249.93199501158
2019-04-26,149480.3154225486,-45819.278486206786,1038.4451255120434,-34103.809683556654,0.0,-28607.96394172924,-22883.705584101765,-6534.290867339455,11168.236781451636,0.0,103661.03693634181
2019-04-27,149347.76523786454,2670.651963375261,2072.0937377422765,-13722.21097483342,19347.950096493,-28607.96394172924,5690.014514017324,-6534.290867339455,10702.848424191357,0.0,152018.4172012398
2019-04-28,149215.21505318055,36697.48634288961,3105.742349972509,-12688.562362603188,19347.950096493,-28607.96394172924,39210.31711427517,-6534.290867339455,10175.731591217633,0.0,185912.70139607016
2019-04-29,149082.66486849653,33413.9348395877,-3096.1493234088875,-38238.40413247759,0.0,-28607.96394172924,62062.55628288766,-6534.290867339455,9589.782689177633,0.0,182496.59970808425
2019-04-30,148950.11468381254,-59082.41574825242,-2062.500711178655,-37204.75552024735,0.0,-28607.96394172924,-30828.19456774279,-6534.290867339455,8950.534339737726,0.0,89867.69893556013
2019-05-01,148817.5644991285,-44241.21509685069,-1028.852098948422,-20053.417419278154,0.0,-12490.274452990277,-32453.948076760455,-6534.290867339455,8266.150399187913,0.0,104576.3494022778
2019-05-02,148685.0143144445,-32269.467354860015,4.796513281810738,-19019.768807047923,0.0,-12490.274452990277,-20797.039682442122,-6534.290867339455,7547.341134630028,0.0,116415.54695958449
2019-05-03,148552.46412976048,-34062.62766468962,1038.4451255120434,-17986.12019481769,0.0,-12490.274452990277,-22883.705584019615,-6534.290867339455,6807.198114147685,0.0,114489.83646507087
2019-05-04,148419.91394507646,14146.443787499045,2072.0937377422765,2395.4785139055434,19347.950096493,-12490.274452990277,5690.014513900636,-6534.290867339455,6060.950759692865,0.0,162566.3577325755
2019-05-05,148287.36376275474,47965.09314661001,3105.742349972509,3429.127126135775,19347.950096493,-12490.274452990277,39210.317114297424,-6534.290867339455,5325.648906176806,0.0,196252.45690936476
2019-05-06,148154.813580433,44561.619676014365,-3096.1493234088875,-22120.714643738618,0.0,-12490.274452990277,62062.55628285268,-6534.290867339455,4619.778036900304,0.0,192716.43325644737
2019-05-07,148022.26339811124,-47952.4445479849,-2062.500711178655,-21087.066031508388,0.0,-12490.274452990277,-30828.194567821887,-6534.290867339455,3962.8160513453686,0.0,100069.81885012635
2019-05-08,147889.7132157895,-49132.623098290416,-1028.852098948422,-20053.417419278154,0.0,-12490.274452990277,-32453.948076767883,-6534.290867339455,3374.7423977556205,0.0,98757.09011749909
2019-05-09,147757.16303346775,-36941.296383404195,4.796513281810738,-19019.768807047923,0.0,-12490.274452990277,-20797.039682535564,-6534.290867339455,2875.512106179294,0.0,110815.86665006354
2019-05-10,147624.612851146,-38385.31714858206,1038.4451255120434,-17986.12019481769,0.0,-12490.274452990277,-22883.705584046103,-6534.290867339455,2484.5086302817367,0.0,109239.29570256395
2019-05-11,147492.06266882428,10305.483429342945,2072.0937377422765,2395.4785139055434,19347.950096493,-12490.274452990277,5690.014514026506,-6534.290867339455,2219.9904014108947,0.0,157797.54609816722
2019-05-12,147359.51248650253,44737.99081828335,3105.742349972509,3429.127126135775,19347.950096493,-12490.274452990277,39210.317114319674,-6534.290867339455,2098.5465778278985,0.0,192097.50330478587
2019-05-13,147226.96230418078,42076.41925034658,-3096.1493234088875,-22120.714643738618,0.0,-12490.274452990277,62062.55628281162,-6534.290867339455,2134.5776112735816,0.0,189303.38155452735
2019-05-14,147094.41212185903,-49575.44466090368,-2062.500711178655,-21087.066031508388,0.0,-12490.274452990277,-30828.194567780232,-6534.290867339455,2339.81593838494,0.0,97518.96746095535
2019-05-15,146961.86193953728,-49784.464158444265,-1028.852098948422,-20053.417419278154,0.0,-12490.274452990277,-32453.948076833683,-6534.290867339455,2722.901337667563,0.0,97177.39778109302
2019-05-16,146829.31175721556,-36527.784202648225,4.796513281810738,-19019.768807047923,0.0,-12490.274452990277,-20797.039682502927,-6534.290867339455,3289.024286902626,0.0,110301.52755456734
2019-05-17,146696.7615748938,-36830.17673942344,1038.4451255120434,-17986.12019481769,0.0,-12490.274452990277,-22883.705583976905,-6534.290867339455,4039.649039371154,0.0,109866.58483547036
2019-05-18,146564.21139257206,13057.819177376226,2072.0937377422765,2395.4785139055434,19347.950096493,-12490.274452990277,5690.014514001636,-6534.290867339455,4972.326149469045,0.0,159622.03056994829
2019-05-19,146431.6612118756,48720.04611170569,3105.742349972509,3429.127126135775,19347.950096493,-12490.274452990277,39210.31711425549,-6534.290867339455,6080.601871314418,0.0,195151.70732358127
2019-05-20,146299.1110311791,47295.8709287088,-3096.1493234088875,-22120.714643738618,0.0,-12490.274452990277,62062.556282879435,-6534.290867339455,7354.029289567985,0.0,193594.9819598879
2019-05-21,146166.5608504826,-43136.97730899755,-2062.500711178655,-21087.066031508388,0.0,-12490.274452990277,-30828.194567813694,-6534.290867339455,8778.283290324533,0.0,103029.58354148506
2019-05-22,146034.01066978613,-42171.98687751438,-1028.852098948422,-20053.417419278154,0.0,-12490.274452990277,-32453.94807684111,-6534.290867339455,10335.378618604884,0.0,103862.02379227176
2019-05-23,145901.46048908963,-27812.821110406927,4.796513281810738,-19019.768807047923,0.0,-12490.274452990277,-20797.039682470295,-6534.290867339455,12003.98737911129,0.0,118088.63937868271
2019-05-24,145768.91030839315,-27109.976277469163,1038.4451255120434,-17986.12019481769,0.0,-12490.274452990277,-22883.705584099065,-6534.290867339455,13759.849501447594,0.0,118658.93403092399
2019-05-25,145636.36012769668,23661.760021206643,2072.0937377422765,2395.4785139055434,19347.950096493,-12490.274452990277,5690.014513884953,-6534.290867339455,15576.266993416146,0.0,169298.1201489033
2019-05-26,145503.80994700018,60064.11456600279,3105.742349972509,3429.127126135775,19347.950096493,-12490.274452990277,39210.31711431788,-6534.290867339455,17424.670325549145,0.0,205567.92451300297
2019-05-27,145371.2597663037,59217.08474089248,-3096.1493234088875,-22120.714643738618,0.0,-12490.274452990277,62062.55628284141,-6534.290867339455,19275.24310178969,0.0,204588.3445071962
2019-05-28,145238.7095856072,-30817.67125710233,-2062.500711178655,-21087.066031508388,0.0,-12490.274452990277,-30828.194567892788,-6534.290867339455,21097.589342298845,0.0,114421.03832850486
2019-05-29,145106.15940491072,-29645.939204345592,-1028.852098948422,-20053.417419278154,0.0,-12490.274452990277,-32453.948076769357,-6534.290867339455,22861.426291701926,0.0,115460.22020056513
2019-05-30,144973.60922421425,-15279.52377298044,4.796513281810738,-19019.768807047923,0.0,-12490.274452990277,-20797.0396824667,-6534.290867339455,24537.28471653418,0.0,129694.08545123381
2019-05-31,144841.05904351774,-14772.627577503918,1038.4451255120434,-17986.12019481769,0.0,-12490.274452990277,-22883.705584016923,-6534.290867339455,26097.198201330695,0.0,130068.43146601383
2019-06-01,144708.50886282124,51718.545530561874,2072.0937377422765,18513.1680026445,19347.950096493,3627.4150357486774,5690.014513919006,-6534.290867339455,27515.36301399836,0.0,196427.05439338312
2019-06-02,144575.958683496,87525.88442015323,3105.742349972509,19546.81661487473,19347.950096493,3627.4150357486774,39210.317114340134,-6534.290867339455,28768.750690938377,0.0,232101.8431036492
2019-06-03,144443.40850417074,85897.18770930507,-3096.1493234088875,-6003.025154999665,0.0,3627.4150357486774,62062.55628280339,-6534.290867339455,29837.65658150134,0.0,230340.5962134758
2019-06-04,144310.8583248455,-5091.401947471098,-2062.500711178655,-4969.3765427694325,0.0,3627.4150357486774,-30828.194567880622,-6534.290867339455,30706.169163178958,0.0,139219.4563773744
2019-06-05,144178.30814552025,-5027.129052640649,-1028.852098948422,-3935.727930539199,0.0,3627.4150357486774,-32453.948076885146,-6534.290867339455,31362.546954783695,0.0,139151.1790928796
2019-06-06,144045.757966195,8100.373260032136,4.796513281810738,-2902.0793183089663,0.0,3627.4150357486774,-20797.0396825311,-6534.290867339455,31799.4922608722,0.0,152146.13122622712
2019-06-07,143913.20778686975,7262.177422750119,1038.4451255120434,-1868.430706078734,0.0,3627.4150357486774,-22883.705584043404,-6534.290867339455,32014.313712872256,0.0,151175.38520961988
2019-06-08,143780.6576075445,56212.15507200875,2072.0937377422765,18513.1680026445,19347.950096493,3627.4150357486774,5690.014513894137,-6534.290867339455,32008.972555470107,0.0,199992.81267955326
2019-06-09,143648.10742821926,90547.14450767844,3105.742349972509,19546.81661487473,19347.950096493,3627.4150357486774,39210.31711440252,-6534.290867339455,31790.0107784012,0.0,234195.2519358977
2019-06-10,143515.557248894,87427.89355321432,-3096.1493234088875,-6003.025154999665,0.0,3627.4150357486774,62062.55628286815,-6534.290867339455,31368.362425345837,0.0,230943.45080210833
2019-06-11,143383.0070695688,-5038.51847855201,-2062.500711178655,-4969.3765427694325,0.0,3627.4150357486774,-30828.194567672585,-6534.290867339455,30759.05263189001,0.0,138344.4885910168
2019-06-12,143250.45689024354,-6408.883945929774,-1028.852098948422,-3935.727930539199,0.0,3627.4150357486774,-32453.948076813398,-6534.290867339455,29980.79206142282,0.0,136841.57294431375
2019-06-13,143117.9067109183,5356.358331223329,4.796513281810738,-2902.0793183089663,0.0,3627.4150357486774,-20797.039682498467,-6534.290867339455,29055.47733203076,0.0,148474.26504214163
2019-06-14,142985.35653159305,3255.4743836685284,1038.4451255120434,-1868.430706078734,0.0,3627.4150357486774,-22883.70558406989,-6534.290867339455,28007.61067381715,0.0,146240.83091526158
2019-06-15,142852.80635226783,51066.83686371874,2072.0937377422765,18513.1680026445,19347.950096493,3627.4150357486774,5690.014513928188,-6534.290867339455,26863.65434714605,0.0,193919.64321598655
2019-06-16,142720.25617995867,84408.4709497212,3105.742349972509,19546.81661487473,19347.950096493,3627.4150357486774,39210.31711429821,-6534.290867339455,25651.337220548274,0.0,227128.72712967987
2019-06-17,142587.7060076495,80458.46342383027,-3096.1493234088875,-6003.025154999665,0.0,3627.4150357486774,62062.55628283319,-6534.290867339455,24398.93229599674,0.0,223046.16943147976
2019-06-18,142455.15583534035,-12663.046274392369,-2062.500711178655,-4969.3765427694325,0.0,3627.4150357486774,-30828.194567706047,-6534.290867339455,23134.524836083106,0.0,129792.10956094798
2019-06-19,142322.6056630312,-14504.384942632565,-1028.852098948422,-3935.727930539199,0.0,3627.4150357486774,-32453.94807674164,-6534.290867339455,21885.29106464827,0.0,127818.22072039863
2019-06-20,142190.05549072204,-3022.31183372077,4.796513281810738,-2902.0793183089663,0.0,3627.4150357486774,-20797.039682562867,-6534.290867339455,20676.807167151062,0.0,139167.74365700127
2019-06-21,142057.50531841288,-5219.728777430138,1038.4451255120434,-1868.430706078734,0.0,3627.4150357486774,-22883.70558408342,-6534.290867339455,19532.407512732017,0.0,136837.77654098274
2019-06-22,141924.95514610372,42675.79219397898,2072.0937377422765,18513.1680026445,19347.950096493,3627.4150357486774,5690.014513903321,-6534.290867339455,18472.609677431163,0.0,184600.74734008271
2019-06-23,141792.40497379456,76271.75573080005,3105.742349972509,19546.81661487473,19347.950096493,3627.4150357486774,39210.317114360594,-6534.290867339455,17514.622001564738,0.0,218064.16070459463
2019-06-24,141659.8548014854,72731.47824311824,-3096.1493234088875,-6003.025154999665,0.0,3627.4150357486774,62062.55628279518,-6534.290867339455,16671.947115322728,0.0,214391.33304460364
2019-06-25,141527.30462917624,-19843.478933012702,-2062.500711178655,-4969.3765427694325,0.0,3627.4150357486774,-30828.19456778514,-6534.290867339455,15954.09217754187,0.0,121683.82569616355
2019-06-26,141394.7544568671,-21023.28243766968,-1028.852098948422,-3935.727930539199,0.0,3627.4150357486774,-32453.94807685743,-6534.290867339455,15366.393569726944,0.0,120371.4720191974
2019-06-27,141262.20428455793,-8789.158446726493,4.796513281810738,-2902.0793183089663,0.0,3627.4150357486774,-20797.039682462233,-6534.290867339455,14909.960554044708,0.0,132473.04583783142
2019-06-28,141129.65411224877,-10170.397257200299,1038.4451255120434,-1868.430706078734,0.0,3627.4150357486774,-22883.70558409696,-6534.290867339455,14581.739032975394,0.0,130959.25685504847
2019-06-29,140997.1039451093,38577.87565157455,2072.0937377422765,18513.1680026445,19347.950096493,3627.4150357486774,5690.014513953821,-6534.290867339455,14374.69313497623,0.0,179574.97959668384
2019-06-30,140864.55377796985,73035.23272247877,3105.742349972509,19546.81661487473,19347.950096493,3627.4150357486774,39210.31711442297,-6534.290867339455,14278.09899318107,0.0,213899.78650044862
2019-07-01,140732.00361083035,86455.16249562976,-3096.1493234088875,10114.664333739292,0.0,19745.104524487633,62062.5562827602,-6534.290867339455,14277.941879130263,0.0,227187.1661064601
2019-07-02,140599.4534436909,-5322.476727774782,-2062.500711178655,11148.312945969525,0.0,19745.104524487633,-30828.194567697854,-6534.290867339455,14357.404893953546,0.0,135276.97671591613
2019-07-03,140466.90327655143,-5774.551727676277,-1028.852098948422,12181.961558199759,0.0,19745.104524487633,-32453.948076785677,-6534.290867339455,14497.434790909638,0.0,134692.35154887516
2019-07-04,140334.35310941195,7095.9387712681755,4.796513281810738,13215.61017042999,0.0,19745.104524487633,-20797.039682526636,-6534.290867339455,14677.36828336482,0.0,147430.29188068013
2019-07-05,140201.8029422725,6241.153644255007,1038.4451255120434,14249.258782660221,0.0,19745.104524487633,-22883.705584123436,-6534.290867339455,14875.600445718217,0.0,146442.95658652752
2019-07-06,140069.25277513303,55391.14759962552,2072.0937377422765,34630.85749138345,19347.950096493,19745.104524487633,5690.01451392895,-6534.290867339455,15070.275594313118,0.0,195460.40037475855
2019-07-07,139936.70260799356,90114.80359543594,3105.742349972509,35664.50610361369,19347.950096493,19745.104524487633,39210.31711431866,-6534.290867339455,15239.980377503593,0.0,230051.50620342948
2019-07-08,139804.1524408541,87541.63934678974,-3096.1493234088875,10114.664333739292,0.0,19745.104524487633,62062.556282821904,-6534.290867339455,15364.418730228535,0.0,227345.79178764383
2019-07-09,139671.6022737146,-4254.832759672438,-2062.500711178655,11148.312945969525,0.0,19745.104524487633,-30828.194567731312,-6534.290867339455,15425.048862089354,0.0,135416.7695140422
2019-07-10,139539.05210657517,-4866.32298176941,-1028.852098948422,12181.961558199759,0.0,19745.104524487633,-32453.948076793098,-6534.290867339455,15405.663536823928,0.0,134672.72912480574
2019-07-11,139406.50193943566,7711.4670233531915,4.796513281810738,13215.61017042999,0.0,19745.104524487633,-20797.039682591036,-6534.290867339455,15292.896535514237,0.0,147117.96896278884
2019-07-12,139273.95177229622,6442.193528358711,1038.4451255120434,14249.258782660221,0.0,19745.104524487633,-22883.705584041298,-6534.290867339455,15076.640329739785,0.0,145716.14530065493
2019-07-13,139141.40160868128,55071.234570263674,2072.0937377422765,34630.85749138345,19347.950096493,19745.104524487633,5690.014513887635,-6534.290867339455,14750.36256499258,0.0,194212.63617894496
2019-07-14,139008.85144506636,89186.13511293514,3105.742349972509,35664.50610361369,19347.950096493,19745.104524487633,39210.31711438104,-6534.290867339455,14311.31189494041,0.0,228194.9865580015
2019-07-15,138876.30128145145,85937.8275469638,-3096.1493234088875,10114.664333739292,0.0,19745.104524487633,62062.556282886675,-6534.290867339455,13760.606930337843,0.0,224814.12882841524
2019-07-16,138743.7511178365,-6576.676142665997,-2062.500711178655,11148.312945969525,0.0,19745.104524487633,-30828.194567764775,-6534.290867339455,13103.205479129256,0.0,132167.07497517052
2019-07-17,138611.20095422157,-7924.23175947587,-1028.852098948422,12181.961558199759,0.0,19745.104524487633,-32453.94807672135,-6534.290867339455,12347.754759045723,0.0,130686.9691947457
2019-07-18,138478.65079060665,3924.897246535494,4.796513281810738,13215.61017042999,0.0,19745.104524487633,-20797.039682490406,-6534.290867339455,11506.326758595907,0.0,142403.54803714214
2019-07-19,138346.1006269917,1959.599504207334,1038.4451255120434,14249.258782660221,0.0,19745.104524487633,-22883.705584163454,-6534.290867339455,10594.046305710564,0.0,140305.70013119906
2019-07-20,138213.5504633768,49949.494582132495,2072.0937377422765,34630.85749138345,19347.950096493,19745.104524487633,5690.014513938134,-6534.290867339455,9628.622576810909,0.0,188163.0450455093
2019-07-21,138081.00029976186,83504.62086757441,3105.742349972509,35664.50610361369,19347.950096493,19745.104524487633,39210.317114403304,-6534.290867339455,8629.79764955741,0.0,221585.62116733627
2019-07-22,137948.45013614694,79795.94880249341,-3096.1493234088875,10114.664333739292,0.0,19745.104524487633,62062.55628284866,-6534.290867339455,7618.728185905455,0.0,217744.39893864037
2019-07-23,137815.89997253203,-13062.563266930028,-2062.500711178655,11148.312945969525,0.0,19745.104524487633,-30828.194567723123,-6534.290867339455,6617.318354823573,0.0,124753.336705602
2019-07-24,137683.34980891706,-14624.462912896252,-1028.852098948422,12181.961558199759,0.0,19745.104524487633,-32453.94807675796,-6534.290867339455,5647.523605661949,0.0,123058.8868960208
2019-07-25,137550.79964530215,-2850.7836736581944,4.796513281810738,13215.61017042999,0.0,19745.104524487633,-20797.039682583847,-6534.290867339455,4730.645838495662,0.0,134700.01597164397
2019-07-26,137418.2494816872,-4747.805943512144,1038.4451255120434,14249.258782660221,0.0,19745.104524487633,-22883.705584094256,-6534.290867339455,3886.6408579218873,0.0,132670.44353817505
2019-07-27,137285.69931405017,43454.330734571915,2072.0937377422765,34630.85749138345,19347.950096493,19745.104524487633,5690.014513988634,-6534.290867339455,3133.4587291998296,0.0,180740.03004862208
2019-07-28,137153.1491464131,77361.26000517333,3105.742349972509,35664.50610361369,19347.950096493,19745.104524487633,39210.31711446568,-6534.290867339455,2486.436787093955,0.0,214514.40915158644
2019-07-29,137020.59897877605,74134.98421737229,-3096.1493234088875,10114.664333739292,0.0,19745.104524487633,62062.556282916456,-6534.290867339455,1957.7636007165215,0.0,211155.58319614833
2019-07-30,136888.04881113902,-18123.851409062707,-2062.500711178655,11148.312945969525,0.0,19745.104524487633,-30828.194567710954,-6534.290867339455,1556.0302126787176,0.0,118764.1974020763
2019-07-31,136755.49864350198,-18986.10401480499,-1028.852098948422,12181.961558199759,0.0,19745.104524487633,-32453.948076765384,-6534.290867339455,1285.8825037606352,0.0,117769.39462869699
2019-08-01,136622.94847586492,9684.045631975321,4.796513281810738,29333.299659168948,0.0,35862.794013226594,-20797.039682454175,-6534.290867339455,1147.7856552605474,0.0,146306.99410784023
2019-08-02,136490.39830822786,8621.151159969686,1038.4451255120434,30366.948271399182,0.0,35862.794013226594,-22883.705584120744,-6534.290867339455,1137.9084726912488,0.0,145111.54946819754
2019-08-03,136357.84814059082,57686.69338231989,2072.0937377422765,50748.54698012242,19347.950096493,35862.794013226594,5690.014513871947,-6534.290867339455,1248.1318883255212,0.0,194044.5415229107
2019-08-04,136225.29797295376,92458.69508310109,3105.742349972509,51782.195592352655,19347.950096493,35862.794013226594,39210.3171144015,-6534.290867339455,1466.1823763469392,0.0,228683.99305605487
2019-08-05,136092.74780531673,90070.7975012482,-3096.1493234088875,26232.35382247825,0.0,35862.794013226594,62062.556282881495,-6534.290867339455,1775.8873958884496,0.0,226163.54530656495
2019-08-06,135960.19763767967,-1404.6457030789609,-2062.500711178655,27266.002434708487,0.0,35862.794013226594,-30828.194567790044,-6534.290867339455,2157.546430002601,0.0,134555.5519346007
2019-08-07,135827.64747004263,-1565.8892147615034,-1028.852098948422,28299.651046938718,0.0,35862.794013226594,-32453.948076772795,-6534.290867339455,2588.4078150725777,0.0,134261.75825528114
2019-08-08,135695.09730240557,11579.498430960242,4.796513281810738,29333.299659168948,0.0,35862.794013226594,-20797.039682547616,-6534.290867339455,3043.2384543389094,0.0,147274.5957333658
2019-08-09,135562.5471347685,10978.213459472543,1038.4451255120434,30366.948271399182,0.0,35862.794013226594,-22883.705584038595,-6534.290867339455,3494.970772111955,0.0,146540.76059424106
2019-08-10,135429.99697002466,60353.97046577291,2072.0937377422765,50748.54698012242,19347.950096493,35862.794013226594,5690.014513997815,-6534.290867339455,3915.4089716526837,0.0,195783.96743579756
2019-08-11,135297.44680528084,95268.48758536168,3105.742349972509,51782.195592352655,19347.950096493,35862.794013226594,39210.31711429719,-6534.290867339455,4275.974878711859,0.0,230565.9343906425
2019-08-12,135164.89664053702,92843.38254164766,-3096.1493234088875,26232.35382247825,0.0,35862.794013226594,62062.55628284042,-6534.290867339455,4548.4724363289915,0.0,228008.27918218466
2019-08-13,135032.3464757932,1143.6571692007083,-2062.500711178655,27266.002434708487,0.0,35862.794013226594,-30828.194567823506,-6534.290867339455,4705.849302315734,0.0,136176.0036449939
2019-08-14,134899.79631104934,568.6369783313685,-1028.852098948422,28299.651046938718,0.0,35862.794013226594,-32453.948076730245,-6534.290867339455,4722.934008122894,0.0,135468.43328938071
2019-08-15,134767.2461463055,13113.387744324755,4.796513281810738,29333.299659168948,0.0,35862.794013226594,-20797.03968251498,-6534.290867339455,4577.127767670786,0.0,147880.63389063024
2019-08-16,134634.69598156167,11732.273948346745,1038.4451255120434,30366.948271399182,0.0,35862.794013226594,-22883.7055839694,-6534.290867339455,4249.031260916962,0.0,146366.9699299084
2019-08-17,134502.14581681782,60161.55001849975,2072.0937377422765,50748.54698012242,19347.950096493,35862.794013226594,5690.014513972945,-6534.290867339455,3722.9885244043985,0.0,194663.69583531757
2019-08-18,134369.595652074,93980.04511600162,3105.742349972509,51782.195592352655,19347.950096493,35862.794013226594,39210.31711431944,-6534.290867339455,2987.532409329541,0.0,228349.64076807562
2019-08-19,134237.04548733015,90330.62895470104,-3096.1493234088875,26232.35382247825,0.0,35862.794013226594,62062.556282908234,-6534.290867339455,2035.7188493145331,0.0,224567.6744420312
2019-08-20,134104.49532258633,-2696.851796796474,-2062.500711178655,27266.002434708487,0.0,35862.794013226594,-30828.19456778185,-6534.290867339455,865.3403362768913,0.0,131407.64352578984
2019-08-21,133971.94515784248,-4675.284588421473,-1028.852098948422,28299.651046938718,0.0,35862.794013226594,-32453.948076816836,-6534.290867339455,-520.9875585433468,0.0,129296.660569421
2019-08-22,133839.3949930987,6420.390817841953,4.796513281810738,29333.299659168948,0.0,35862.794013226594,-20797.039682482347,-6534.290867339455,-2115.8691588446472,0.0,140259.78581094064
2019-08-23,133706.84482273977,3575.942694788713,1038.4451255120434,30366.948271399182,0.0,35862.794013226594,-22883.70558409156,-6534.290867339455,-3907.299992518908,0.0,137282.7875175285
2019-08-24,133574.2946523809,50559.59989007674,2072.0937377422765,50748.54698012242,19347.950096493,35862.794013226594,5690.014514023443,-6534.290867339455,-5878.961604069125,0.0,184133.89454245762
2019-08-25,133441.74448202198,82981.88120345595,3105.742349972509,51782.195592352655,19347.950096493,35862.794013226594,39210.31711429539,-6534.290867339455,-8010.6315031920785,0.0,216423.62568547792
2019-08-26,133309.19431166313,78016.21351858835,-3096.1493234088875,26232.35382247825,0.0,35862.794013226594,62062.556282870224,-6534.290867339455,-10278.69658676012,0.0,211325.4078302515
2019-08-27,133176.64414130425,-16218.947545035691,-2062.500711178655,27266.002434708487,0.0,35862.794013226594,-30828.194567860945,-6534.290867339455,-12656.755411883227,0.0,116957.69659626856
2019-08-28,133044.09397094534,-19270.589191229486,-1028.852098948422,28299.651046938718,0.0,35862.794013226594,-32453.94807677428,-6534.290867339455,-15116.292161393914,0.0,113773.50477971585
2019-08-29,132911.54380058646,-9091.143127401525,4.796513281810738,29333.299659168948,0.0,35862.794013226594,-20797.03968244971,-6534.290867339455,-17627.40310412076,0.0,123820.40067318494
2019-08-30,132778.99363022757,-12676.312184620525,1038.4451255120434,30366.948271399182,0.0,35862.794013226594,-22883.705584009414,-6534.290867339455,-20159.554872010292,0.0,120102.68144560704
2019-08-31,132646.4434598687,33756.208496118124,2072.0937377422765,50748.54698012242,19347.950096493,35862.794013226594,5690.01451390676,-6534.290867339455,-22682.352997911054,0.0,166402.6519559868
2019-09-01,132513.8932895098,81943.90328699288,3105.742349972509,67899.88508109159,19347.950096493,51980.48350196555,39210.317114317644,-6534.290867339455,-25166.298908416364,0.0,214457.79657650267
2019-09-02,132381.34311915093,76829.08563998176,-3096.1493234088875,42350.0433112172,0.0,51980.48350196555,62062.5562828322,-6534.290867339455,-27583.51395406764,0.0,209210.4287591327
2019-09-03,132248.79294879202,-17352.912718071508,-2062.500711178655,43383.69192344744,0.0,51980.48350196555,-30828.19456784878,-6534.290867339455,-29908.410073670162,0.0,114895.8802307205
2019-09-04,132116.24277843314,-20154.895842948703,-1028.852098948422,44417.34053567767,0.0,51980.48350196555,-32453.94807689007,-6534.290867339455,-32118.288301736306,0.0,111961.34693548444
2019-09-05,131983.69260807426,-9539.899026228157,4.796513281810738,45450.9891479079,0.0,51980.48350196555,-20797.03968254315,-6534.290867339455,-34193.84849159291,0.0,122443.7935818461
2019-09-06,131851.14244224806,-12518.664102374772,1038.4451255120434,46484.63776013813,0.0,51980.48350196555,-22883.70558403589,-6534.290867339455,-36119.596278477016,0.0,119332.47833987328
2019-09-07,131718.5922764219,34672.114612736055,2072.0937377422765,66866.23646886136,19347.950096493,51980.48350196555,5690.014513940817,-6534.290867339455,-37884.13637006613,0.0,166390.70688915794
2019-09-08,131586.0421105957,67629.85755952084,3105.742349972509,67899.88508109159,19347.950096493,51980.48350196555,39210.31711438003,-6534.290867339455,-39480.34463595078,0.0,199215.89967011655
2019-09-09,131453.4919447695,63507.184520264156,-3096.1493234088875,42350.0433112172,0.0,51980.48350196555,62062.55628279419,-6534.290867339455,-40905.41507374723,0.0,194960.67646503367
2019-09-10,131320.94177894335,-29605.284095844174,-2062.500711178655,43383.69192344744,0.0,51980.48350196555,-30828.19456780712,-6534.290867339455,-42160.7814514845,0.0,101715.65768309918
2019-09-11,131188.39161311716,-31288.524694442483,-1028.852098948422,44417.34053567767,0.0,51980.48350196555,-32453.94807681832,-6534.290867339455,-43251.91715330183,0.0,99899.86691867467
2019-09-12,131055.84144729098,-19534.07091303719,4.796513281810738,45450.9891479079,0.0,51980.48350196555,-20797.039682510516,-6534.290867339455,-44188.02037843459,0.0,111521.7705342538
2019-09-13,130923.2912814648,-21380.6630774787,1038.4451255120434,46484.63776013813,0.0,51980.48350196555,-22883.70558406238,-6534.290867339455,-44981.59525355445,0.0,109542.6282039861
2019-09-14,130790.74111563862,26908.30846823474,2072.0937377422765,66866.23646886136,19347.950096493,51980.48350196555,5690.014513991315,-6534.290867339455,-45647.94251461795,0.0,157699.04958387336
2019-09-15,130658.19094981243,60905.6260923035,3105.742349972509,67899.88508109159,19347.950096493,51980.48350196555,39210.31711427571,-6534.290867339455,-46204.57610306382,0.0,191563.81704211593
2019-09-16,130525.64078398625,57742.01537270486,-3096.1493234088875,42350.0433112172,0.0,51980.48350196555,62062.556282862,-6534.290867339455,-46670.58422137434,0.0,188267.6561566911
2019-09-17,130393.09061816007,-34510.457682352244,-2062.500711178655,43383.69192344744,0.0,51980.48350196555,-30828.19456784058,-6534.290867339455,-47065.9550379591,0.0,95882.63293580784
2019-09-18,130260.5404523339,-35447.49581074795,-1028.852098948422,44417.34053567767,0.0,51980.48350196555,-32453.948076825745,-6534.290867339455,-47410.88826959988,0.0,94813.04464158595
2019-09-19,130127.99028650773,-23071.164803405172,4.796513281810738,45450.9891479079,0.0,51980.48350196555,-20797.03968257492,-6534.290867339455,-47725.11426873816,0.0,107056.82548310256
2019-09-20,129995.44009572461,-24426.309811652394,1038.4451255120434,46484.63776013813,0.0,51980.48350196555,-22883.70558408886,-6534.290867339455,-48027.241987701665,0.0,105569.13028407222
2019-09-21,129862.88990494152,24222.09469434774,2072.0937377422765,66866.23646886136,19347.950096493,51980.48350196555,5690.01451395,-6534.290867339455,-48334.15628846364,0.0,154084.98459928925
2019-09-22,129730.3397141584,58449.71865793571,3105.742349972509,67899.88508109159,19347.950096493,51980.48350196555,39210.317114338104,-6534.290867339455,-48660.483537494,0.0,188180.05837209412
2019-09-23,129597.78952337528,55394.45727883029,-3096.1493234088875,42350.0433112172,0.0,51980.48350196555,62062.55628282398,-6534.290867339455,-49018.14231521089,0.0,184992.24680220557
2019-09-24,129465.23933259217,-36860.49608164122,-2062.500711178655,43383.69192344744,0.0,51980.48350196555,-30828.194567753297,-6534.290867339455,-49415.99343733536,0.0,92604.74325095095
2019-09-25,129332.68914180905,-37896.20794945879,-1028.852098948422,44417.34053567767,0.0,51980.48350196555,-32453.948076833167,-6534.290867339455,-49859.60040830329,0.0,91436.48119235027
2019-09-26,129200.13895102596,-25697.158528054217,4.796513281810738,45450.9891479079,0.0,51980.48350196555,-20797.039682474286,-6534.290867339455,-50351.10799348783,0.0,103502.98042297174
2019-09-27,129067.58876024284,-27288.31073332142,1038.4451255120434,46484.63776013813,0.0,51980.48350196555,-22883.705584006715,-6534.290867339455,-50889.24290945285,0.0,101779.27802692141
2019-09-28,128935.03856945972,21086.814185243897,2072.0937377422765,66866.23646886136,19347.950096493,51980.48350196555,5690.014513925128,-6534.290867339455,-51469.4367975426,0.0,150021.8527547036
2019-09-29,128802.48837867663,55026.13441490459,3105.742349972509,67899.88508109159,19347.950096493,51980.48350196555,39210.31711436035,-6534.290867339455,-52084.06778054735,0.0,183828.62279358122
2019-09-30,128669.93818789351,51689.78647325264,-3096.1493234088875,42350.0433112172,0.0,51980.48350196555,62062.55628278901,-6534.290867339455,-52722.81312075358,0.0,180359.72466114615
2019-10-01,128537.38799711039,-24699.91506960212,-2062.500711178655,59501.3814121864,0.0,68098.17299070451,-30828.194567666007,-6534.290867339455,-53373.101914122504,0.0,103837.47292750826
2019-10-02,128404.83780632728,-25939.571531282265,-1028.852098948422,60535.03002441663,0.0,68098.17299070451,-32453.948076869783,-6534.290867339455,-54020.65347882912,0.0,102465.26627504503
2019-10-03,128272.2876155096,-13878.445273754862,4.796513281810738,61568.67863664687,0.0,68098.17299070451,-20797.03968253869,-6534.290867339455,-54650.08422786304,0.0,114393.84234175475
2019-10-04,128139.73742469192,-15526.94177956627,1038.4451255120434,62602.3272488771,0.0,68098.17299070451,-22883.7055840332,-6534.290867339455,-55245.56344441017,0.0,112612.79564512565
2019-10-05,128007.18723387421,32882.443891219686,2072.0937377422765,82983.92595760032,19347.950096493,68098.17299070451,5690.014513900261,-6534.290867339455,-55791.49658028091,0.0,160889.6311250939
2019-10-06,127874.63704305654,66954.67815189128,3105.742349972509,84017.57456983055,19347.950096493,68098.17299070451,39210.317114382604,-6534.290867339455,-56273.2135323219,0.0,194829.31519494782
2019-10-07,127742.08685223883,63852.65022381764,-3096.1493234088875,58467.73279995617,0.0,68098.17299070451,62062.55628285072,-6534.290867339455,-56677.638858989245,0.0,191594.73707605648
2019-10-08,127609.53666142115,-28320.73425837069,-2062.500711178655,59501.3814121864,0.0,68098.17299070451,-30828.19456769947,-6534.290867339455,-56993.921102857625,0.0,99288.80240305046
2019-10-09,127476.98647060349,-29132.917336797676,-1028.852098948422,60535.03002441663,0.0,68098.17299070451,-32453.94807679802,-6534.290867339455,-57213.999284416284,0.0,98344.06913380581
2019-10-10,127344.4362797858,-16561.447256623684,4.796513281810738,61568.67863664687,0.0,68098.17299070451,-20797.039682506056,-6534.290867339455,-57333.0862107645,0.0,110782.98902316212
2019-10-11,127211.8860889681,-17631.428795043394,1038.4451255120434,62602.3272488771,0.0,68098.17299070451,-22883.70558404674,-6534.290867339455,-57350.05045987375,0.0,109580.4572939247
2019-10-12,127079.33589815041,31406.258772016277,2072.0937377422765,82983.92595760032,19347.950096493,68098.17299070451,5690.014513858945,-6534.290867339455,-57267.681699443005,0.0,158485.5946701667
2019-10-13,126946.78570733275,66135.06438066308,3105.742349972509,84017.57456983055,19347.950096493,68098.17299070451,39210.31711431842,-6534.290867339455,-57092.82730348591,0.0,193081.85008799582
2019-10-14,126814.23551651504,63693.89713399787,-3096.1493234088875,58467.73279995617,0.0,68098.17299070451,62062.55628281575,-6534.290867339455,-56836.39194877405,0.0,190508.1326505129
2019-10-15,126681.68532569736,-27840.009058533677,-2062.500711178655,59501.3814121864,0.0,68098.17299070451,-30828.19456773293,-6534.290867339455,-56513.19590298715,0.0,98841.67626716368
2019-10-16,126549.13513487966,-28060.609995593306,-1028.852098948422,60535.03002441663,0.0,68098.17299070451,-32453.948076726272,-6534.290867339455,-56141.691943283666,0.0,98488.52513928636
2019-10-17,126416.58493994702,-14971.906192534589,4.796513281810738,61568.67863664687,0.0,68098.17299070451,-20797.03968247342,-6534.290867339455,-55743.545146708035,0.0,111444.67874741243
2019-10-18,126284.0347450144,-15624.462383643026,1038.4451255120434,62602.3272488771,0.0,68098.17299070451,-22883.70558415595,-6534.290867339455,-55343.08404836417,0.0,110659.57236137138
2019-10-19,126151.48455008175,33707.30472627782,2072.0937377422765,82983.92595760032,19347.950096493,68098.17299070451,5690.014513909444,-6534.290867339455,-54966.63574523195,0.0,159858.78927635957
2019-10-20,126018.93435514912,68586.13037191927,3105.742349972509,84017.57456983055,19347.950096493,68098.17299070451,39210.317114380814,-6534.290867339455,-54641.761312292096,0.0,194605.06472706838
2019-10-21,125886.38416021648,66133.87780314112,-3096.1493234088875,58467.73279995617,0.0,68098.17299070451,62062.55628287746,-6534.290867339455,-54396.411279692504,0.0,192020.2619633576
2019-10-22,125753.83396528385,-25584.83694778403,-2062.500711178655,59501.3814121864,0.0,68098.17299070451,-30828.194567812025,-6534.290867339455,-54258.023792158405,0.0,100168.99701749982
2019-10-23,125621.2837703512,-26171.508397193185,-1028.852098948422,60535.03002441663,0.0,68098.17299070451,-32453.94807676289,-6534.290867339455,-54252.590344846925,0.0,99449.77537315802
2019-10-24,125488.73357541856,-13632.076635894095,4.796513281810738,61568.67863664687,0.0,68098.17299070451,-20797.039682469822,-6534.290867339455,-54403.71559007114,0.0,111856.65693952447
2019-10-25,125356.18338048592,-15013.07691671029,1038.4451255120434,62602.3272488771,0.0,68098.17299070451,-22883.70558408675,-6534.290867339455,-54731.698581500634,0.0,110343.10646377564
2019-10-26,125223.63318555328,33421.27754020475,2072.0937377422765,82983.92595760032,19347.950096493,68098.17299070451,5690.014513959942,-6534.290867339455,-55252.66293135553,0.0,158644.91072575803
2019-10-27,125091.08299062066,67250.12899616922,3105.742349972509,84017.57456983055,19347.950096493,68098.17299070451,39210.3171144432,-6534.290867339455,-55977.76268810455,0.0,192341.2119867899
2019-10-28,124958.532795688,63617.79977826887,-3096.1493234088875,58467.73279995617,0.0,68098.17299070451,62062.55628294528,-6534.290867339455,-56912.48930463258,0.0,188576.33257395687
2019-10-29,124825.98260075538,-29382.91604529145,-2062.500711178655,59501.3814121864,0.0,68098.17299070451,-30828.194567679104,-6534.290867339455,-58056.10288979875,0.0,95443.06655546393
2019-10-30,124693.43240582274,-31320.12612228011,-1028.852098948422,60535.03002441663,0.0,68098.17299070451,-32453.948076770313,-6534.290867339455,-59401.20806992644,0.0,93373.30628354262
2019-10-31,124560.882209729,-20161.852347680968,4.796513281810738,61568.67863664687,0.0,68098.17299070451,-20797.039682534225,-6534.290867339455,-60933.491301793605,0.0,104399.02986204803
2019-11-01,124428.33201363527,-6795.321309821226,1038.4451255120434,78720.01673761604,0.0,84215.86247944346,-22883.705584113235,-6534.290867339455,-62631.63246332404,0.0,117633.01070381404
2019-11-02,124295.78181754153,40324.230853747526,2072.0937377422765,99101.61544633927,19347.950096493,84215.86247944346,5690.014513935072,-6534.290867339455,-64467.39910652681,0.0,164620.01267128906
2019-11-03,124163.23162144778,72939.65416689446,3105.742349972509,100135.2640585695,19347.950096493,84215.86247944346,39210.31711437901,-6534.290867339455,-66405.92700605406,0.0,197102.88578834222
2019-11-04,124030.68142535405,68241.7928686271,-3096.1493234088875,74585.4222886951,0.0,84215.86247944346,62062.556282907244,-6534.290867339455,-68406.18570297526,0.0,192272.47429398115
2019-11-05,123898.13122926031,-25630.74642615304,-2062.500711178655,75619.07090092535,0.0,84215.86247944346,-30828.194567758197,-6534.290867339455,-70421.62275932018,0.0,98267.38480310727
2019-11-06,123765.58103316657,-28202.20410409205,-1028.852098948422,76652.71951315558,0.0,84215.86247944346,-32453.948076777728,-6534.290867339455,-72400.97554046991,0.0,95563.37692907453
2019-11-07,123633.03083707285,-17399.906220872297,4.796513281810738,77686.36812538581,0.0,84215.86247944346,-20797.03968243359,-6534.290867339455,-74289.2346638245,0.0,106233.12461620054
2019-11-08,123500.48064097909,-20192.427768829104,1038.4451255120434,78720.01673761604,0.0,84215.86247944346,-22883.70558403109,-6534.290867339455,-76028.73892241404,0.0,103308.05287214999
2019-11-09,123367.93044488535,27231.252327358314,2072.0937377422765,99101.61544633927,19347.950096493,84215.86247944346,5690.014513969126,-6534.290867339455,-77560.37763295008,0.0,150599.18277224366
2019-11-10,123235.38024879163,60520.70809537364,3105.742349972509,100135.2640585695,19347.950096493,84215.86247944346,39210.31711440126,-6534.290867339455,-78824.87307759713,0.0,183756.08834416527
2019-11-11,123102.83005269789,56883.86546889722,-3096.1493234088875,74585.4222886951,0.0,84215.86247944346,62062.55628286923,-6534.290867339455,-79764.11310266712,0.0,179986.6955215951
2019-11-12,122970.27985660416,-35531.625748009115,-2062.500711178655,75619.07090092535,0.0,84215.86247944346,-30828.194567791666,-6534.290867339455,-80322.50208114278,0.0,87438.65410859504
2019-11-13,122837.7296605104,-36249.525961093495,-1028.852098948422,76652.71951315558,0.0,84215.86247944346,-32453.948076705972,-6534.290867339455,-80448.2973975431,0.0,86588.20369941692
2019-11-14,122705.17947076606,-23205.569964832554,4.796513281810738,77686.36812538581,0.0,84215.86247944346,-20797.039682527033,-6534.290867339455,-80094.89840769133,0.0,99499.6095059335
2019-11-15,122572.6292810217,-23385.74432263122,1038.4451255120434,78720.01673761604,0.0,84215.86247944346,-22883.705584057567,-6534.290867339455,-79222.0554761897,0.0,99186.88495839048
2019-11-16,122440.07909127732,26994.661769725353,2072.0937377422765,99101.61544633927,19347.950096493,84215.86247944346,5690.014513944255,-6534.290867339455,-77796.96819055818,0.0,149434.74086100268
2019-11-17,122307.52890153298,63550.3370123612,3105.742349972509,100135.2640585695,19347.950096493,84215.86247944346,39210.31711442352,-6534.290867339455,-75795.24416063183,0.0,185857.86591389417
2019-11-18,122174.97871178859,63446.28569101292,-3096.1493234088875,74585.4222886951,0.0,84215.86247944346,62062.556282831225,-6534.290867339455,-73201.69288051341,0.0,185621.26440280152
2019-11-19,122042.42852204424,-25220.05654910642,-2062.500711178655,75619.07090092535,0.0,84215.86247944346,-30828.194567750008,-6534.290867339455,-70010.93288228176,0.0,96822.37197293782
2019-11-20,121909.87833229988,-22029.023316993847,-1028.852098948422,76652.71951315558,0.0,84215.86247944346,-32453.94807682177,-6534.290867339455,-66227.79475332766,0.0,99880.85501530604
2019-11-21,121777.3281425555,-4978.178968191756,4.796513281810738,77686.36812538581,0.0,84215.86247944346,-20797.03968239736,-6534.290867339455,-61867.5074111802,0.0,116799.14917436375
2019-11-22,121644.77795281116,-1119.3490562331037,1038.4451255120434,78720.01673761604,0.0,84215.86247944346,-22883.705584084055,-6534.290867339455,-56955.66020976509,0.0,120525.42889657806
2019-11-23,121512.22776306678,53263.691105602455,2072.0937377422765,99101.61544633927,19347.950096493,84215.86247944346,5690.014513994753,-6534.290867339455,-51527.938854731576,0.0,174775.91886866925
2019-11-24,121379.67757332242,93715.94257796882,3105.742349972509,100135.2640585695,19347.950096493,84215.86247944346,39210.317114272904,-6534.290867339455,-45629.6385948736,0.0,215095.62015129125
2019-11-25,121247.12738357804,97333.01498275665,-3096.1493234088875,74585.4222886951,0.0,84215.86247944346,62062.55628289903,-6534.290867339455,-39314.96358883748,0.0,218580.14236633468
2019-11-26,121114.57719383368,12144.749750705705,-2062.500711178655,75619.07090092535,0.0,84215.86247944346,-30828.194567783466,-6534.290867339455,-32646.12658243617,0.0,133259.32694453938
2019-11-27,120982.02700007166,18506.50350290982,-1028.852098948422,76652.71951315558,0.0,84215.86247944346,-32453.948076750014,-6534.290867339455,-25692.26793349575,0.0,139488.53050298148
2019-11-28,120849.47680630964,38361.11097776456,4.796513281810738,77686.36812538581,0.0,84215.86247944346,-20797.039682461767,-6534.290867339455,-18528.217465159483,0.0,159210.5877840742
2019-11-29,120716.92661254763,44603.18465715753,1038.4451255120434,78720.01673761604,0.0,84215.86247944346,-22883.705584110543,-6534.290867339455,-11233.126496347973,0.0,165320.11126970517
2019-11-30,120584.37641878561,100902.62936763458,2072.0937377422765,99101.61544633927,19347.950096493,84215.86247944346,5690.014513878071,-6534.290867339455,-3889.0005925827604,0.0,221487.0057864202
2019-12-01,120451.82622502359,158884.10464387838,3105.742349972509,116252.95354730848,19347.950096493,100333.55196818244,39210.31711429515,-6534.290867339455,3420.8339822747575,0.0,279335.93086890195
2019-12-02,120319.27603126154,163378.9635738417,-3096.1493234088875,90703.11177743408,0.0,100333.55196818244,62062.556282857964,-6534.290867339455,10613.29551354964,0.0,283698.23960510327
2019-12-03,120186.72583749953,78515.6742444571,-2062.500711178655,91736.76038966431,0.0,100333.55196818244,-30828.194567816936,-6534.290867339455,17607.108422609726,0.0,198702.40008195664
2019-12-04,120054.17564373753,84640.78687608032,-1028.852098948422,92770.40900189454,0.0,100333.55196818244,-32453.9480768658,-6534.290867339455,24324.325951051575,0.0,204694.96251981787
2019-12-05,119921.62544997552,103698.79762068913,4.796513281810738,93804.05761412479,0.0,100333.55196818244,-20797.039682555205,-6534.290867339455,30691.77968911955,0.0,223620.42307066463
2019-12-06,119789.07525621347,108596.42417205407,1038.4451255120434,94837.70622635502,0.0,100333.55196818244,-22883.70558402839,-6534.290867339455,36642.42352972745,0.0,228385.49942826753
2019-12-07,119656.52506245146,163025.86170744532,2072.0937377422765,115219.30493507825,19347.950096493,100333.55196818244,5690.014513928567,-6534.290867339455,42116.5422584385,0.0,282682.3867698968
2019-12-08,119523.97486868943,202526.0690048225,3105.742349972509,116252.95354730848,19347.950096493,100333.55196818244,39210.31711435753,-6534.290867339455,47062.798343156486,0.0,322050.04387351195
2019-12-09,119391.42467492742,204204.7625368403,-3096.1493234088875,90703.11177743408,0.0,100333.55196818244,62062.55628282299,-6534.290867339455,51439.094476583254,0.0,323596.1872117677
2019-12-10,119258.87448116539,116121.79976606305,-2062.500711178655,91736.76038966431,0.0,100333.55196818244,-30828.194567850394,-6534.290867339455,55213.23394424913,0.0,235380.67424722842
2019-12-11,119126.32429257482,118679.82674874605,-1028.852098948422,92770.40900189454,0.0,100333.55196818244,-32453.948076823246,-6534.290867339455,58363.36582367475,0.0,237806.15104132087
2019-12-12,118993.77410398425,133885.22516786613,4.796513281810738,93804.05761412479,0.0,100333.55196818244,-20797.03968252257,-6534.290867339455,60878.207236263894,0.0,252878.9992718504
2019-12-13,118861.22391539368,134711.04088174796,1038.4451255120434,94837.70622635502,0.0,100333.55196818244,-22883.705584150557,-6534.290867339455,62757.04023954349,0.0,253572.26479714166
2019-12-14,118728.67372680313,184918.80577362978,2072.0937377422765,115219.30493507825,19347.950096493,100333.55196818244,5690.014513979068,-6534.290867339455,64009.48632457246,0.0,303647.4795004329
2019-12-15,118596.12353821256,220118.3373965039,3105.742349972509,116252.95354730848,19347.950096493,100333.55196818244,39210.317114339654,-6534.290867339455,64655.06673485573,0.0,338714.46093471645
2019-12-16,118463.57334962199,217488.2298770337,-3096.1493234088875,90703.11177743408,0.0,100333.55196818244,62062.55628289081,-6534.290867339455,64722.56181670881,0.0,335951.8032266557
2019-12-17,118331.02316103142,125157.7530431913,-2062.500711178655,91736.76038966431,0.0,100333.55196818244,-30828.19456780874,-6534.290867339455,64249.18722133571,0.0,243488.77620422273
2019-12-18,118198.47297244085,123596.06981811007,-1028.852098948422,92770.40900189454,0.0,100333.55196818244,-32453.948076830664,-6534.290867339455,63279.60889304618,0.0,241794.5427905509
2019-12-19,118065.92278385028,134871.84022732562,4.796513281810738,93804.05761412479,0.0,100333.55196818244,-20797.039682586972,-6534.290867339455,61864.82229578782,0.0,252937.7630111759
2019-12-20,117933.37259525972,132014.9248117754,1038.4451255120434,94837.70622635502,0.0,100333.55196818244,-22883.705584081352,-6534.290867339455,60060.92416950173,0.0,249948.2974070351
2019-12-21,117800.82240666915,178837.12665255895,2072.0937377422765,115219.30493507825,19347.950096493,100333.55196818244,5690.014513921308,-6534.290867339455,57927.80720355937,0.0,296637.94905922806
2019-12-22,117668.2722180786,210991.0799852225,3105.742349972509,116252.95354730848,19347.950096493,100333.55196818244,39210.31711431561,-6534.290867339455,55527.8093235984,0.0,328659.3522033011
2019-12-23,117535.72202948802,205690.017847275,-3096.1493234088875,90703.11177743408,0.0,100333.55196818244,62062.55628285279,-6534.290867339455,52924.34978698812,0.0,323225.739876763
2019-12-24,117403.17184089746,111089.14979149807,-2062.500711178655,91736.76038966431,0.0,100333.55196818244,-30828.19456779657,-6534.290867339455,50180.58396963032,0.0,228492.32163239553
2019-12-25,117270.62165230687,107674.5685484923,-1028.852098948422,92770.40900189454,0.0,100333.55196818244,-32453.948076838093,-6534.290867339455,47358.10762343584,0.0,224945.19020079917
2019-12-26,117138.07146371632,117522.75746080864,4.796513281810738,93804.05761412479,0.0,100333.55196818244,-20797.03968248634,-6534.290867339455,44515.739529170205,0.0,234660.82892452495
2019-12-27,117005.52127512575,113662.40956660816,1038.4451255120434,94837.70622635502,0.0,100333.55196818244,-22883.705584012157,-6534.290867339455,41708.408924265306,0.0,230667.9308417339
2019-12-28,116872.97108653518,159895.49037476763,2072.0937377422765,115219.30493507825,19347.950096493,100333.55196818244,5690.014513988253,-6534.290867339455,38986.17092570111,0.0,276768.4614613028
2019-12-29,116740.4208979446,191856.64014906407,3105.742349972509,116252.95354730848,19347.950096493,100333.55196818244,39210.31711433785,-6534.290867339455,36393.36948741773,0.0,308597.06104700867
2019-12-30,116607.87070935404,186733.63139385093,-3096.1493234088875,90703.11177743408,0.0,100333.55196818244,62062.5562829206,-6534.290867339455,33967.963333496235,0.0,303341.50210320496
2019-12-31,116475.32052076349,92649.59172873144,-2062.500711178655,91736.76038966431,0.0,100333.55196818244,-30828.19456787566,-6534.290867339455,31741.02590694278,0.0,209124.91224949493
2020-01-01,116342.77033217292,-44570.7982095815,-1028.852098948422,-41853.275922360874,0.0,-76961.03240794611,-32453.94807684552,36136.60858453366,29736.42578962489,0.0,71771.97212259143
2020-01-02,116210.22014358235,-33645.97758860056,4.796513281810738,-40819.62731013064,0.0,-76961.03240794611,-20797.03968255074,36136.60858453366,27970.689404080822,0.0,82564.24255498179
2020-01-03,116077.66995499177,-36216.641056322675,1038.4451255120434,-39785.97869790041,0.0,-76961.03240794611,-22883.705584038646,36136.60858453366,26453.043225616384,0.0,79861.02889866909
2020-01-04,115945.11976640121,11471.262855811883,2072.0937377422765,-19404.379989177178,19347.950096493,-76961.03240794611,5690.014513855123,36136.60858453366,25185.62833113394,0.0,127416.3826222131
2020-01-05,115812.56957781066,45003.46173953647,3105.742349972509,-18370.731376946944,19347.950096493,-76961.03240794611,39210.31711436011,36136.60858453366,24163.87600212331,0.0,160816.03131734714
2020-01-06,115680.01938922008,41519.01251961725,-3096.1493234088875,-43920.57314682134,0.0,-76961.03240794611,62062.55628287952,36136.60858453366,23377.029383559067,0.0,157199.03190883732
2020-01-07,115547.4692006295,-50906.32613390723,-2062.500711178655,-42886.924534591104,0.0,-76961.03240794611,-30828.194567621995,36136.60858453366,22808.792968305876,0.0,64641.14306672227
2020-01-08,115414.91901203894,-51869.13499747962,-1028.852098948422,-41853.275922360874,0.0,-76961.03240794611,-32453.94807677376,36136.60858453366,22438.08900165501,0.0,63545.78401455932
2020-01-09,115282.36882344839,-39376.76915137515,4.796513281810738,-40819.62731013064,0.0,-76961.03240794611,-20797.039682518105,36136.60858453366,22239.897841273596,0.0,75905.59967207324
2020-01-10,115149.81863485782,-40483.52637842584,1038.4451255120434,-39785.97869790041,0.0,-76961.03240794611,-22883.705583943552,36136.60858453366,22186.157903418116,0.0,74666.29225643197
2020-01-11,115017.26844626725,8532.334623735102,2072.0937377422765,-19404.379989177178,19347.950096493,-76961.03240794611,5690.014513830252,36136.60858453366,22246.700099082027,0.0,123549.60307000235
2020-01-12,114884.71825767666,43229.77735302088,3105.742349972509,-18370.731376946944,19347.950096493,-76961.03240794611,39210.317114382364,36136.60858453366,22390.19161558546,0.0,158114.49561069754
2020-01-13,114752.16806908611,40727.0476507537,-3096.1493234088875,-43920.57314682134,0.0,-76961.03240794611,62062.55628284456,36136.60858453366,22585.064514730486,0.0,155479.21571983982
2020-01-14,114619.61788049556,-50914.713238435914,-2062.500711178655,-42886.924534591104,0.0,-76961.03240794611,-30828.194567701088,36136.60858453366,22800.405863856282,0.0,63704.90464205964
2020-01-15,114487.06769190497,-51300.43605818718,-1028.852098948422,-41853.275922360874,0.0,-76961.03240794611,-32453.948076839562,36136.60858453366,23006.78794101326,0.0,63186.63163371779
2020-01-16,114354.51750331439,-38439.6475973864,4.796513281810738,-40819.62731013064,0.0,-76961.03240794611,-20797.039682485472,36136.60858453366,23177.01939522971,0.0,75914.86990592799
2020-01-17,114221.96731472384,-39382.88326239408,1038.4451255120434,-39785.97869790041,0.0,-76961.03240794611,-22883.70558416139,36136.60858453366,23286.801019667713,0.0,74839.08405232975
2020-01-18,114089.41712613328,9600.90744652908,2072.0937377422765,-19404.379989177178,19347.950096493,-76961.03240794611,5690.014513956124,36136.60858453366,23315.272921750133,0.0,123690.32457266236
2020-01-19,113956.8669375427,44085.028992457796,3105.742349972509,-18370.731376946944,19347.950096493,-76961.03240794611,39210.317114444755,36136.60858453366,23245.44325495998,0.0,158041.8959300005
2020-01-20,113824.31674895214,41206.4753477221,-3096.1493234088875,-43920.57314682134,0.0,-76961.03240794611,62062.556282806545,36136.60858453366,23064.49221173689,0.0,155030.79209667424
2020-01-21,113691.76656036156,-50951.170538478604,-2062.500711178655,-42886.924534591104,0.0,-76961.03240794611,-30828.194567780185,36136.60858453366,22763.948563892685,0.0,62740.59602188296
2020-01-22,113559.216371771,-51967.484423077716,-1028.852098948422,-41853.275922360874,0.0,-76961.03240794611,-32453.948076767814,36136.60858453366,22339.73957605098,0.0,61591.73194869329
2020-01-23,113426.66618318045,-39824.548481026795,4.796513281810738,-40819.62731013064,0.0,-76961.03240794611,-20797.039682452836,36136.60858453366,21792.118511556684,0.0,73602.11770215366
2020-01-24,113294.11599458987,-41544.207172792856,1038.4451255120434,-39785.97869790041,0.0,-76961.03240794611,-22883.705584092193,36136.60858453366,21125.47710919975,0.0,71749.90882179701
2020-01-25,113161.56580599929,6633.687776805423,2072.0937377422765,-19404.379989177178,19347.950096493,-76961.03240794611,5690.014513931251,36136.60858453366,20348.053252051344,0.0,119795.25358280471
2020-01-26,113029.01561740873,40311.132243984226,3105.742349972509,-18370.731376946944,19347.950096493,-76961.03240794611,39210.31711429413,36136.60858453366,19471.54650663704,0.0,153340.14786139296
2020-01-27,112896.46542881818,36652.639360409776,-3096.1493234088875,-43920.57314682134,0.0,-76961.03240794611,62062.55628276853,36136.60858453366,18510.65622446258,0.0,149549.10478922795
2020-01-28,112763.9152402276,-56232.560676534704,-2062.500711178655,-42886.924534591104,0.0,-76961.03240794611,-30828.194567768012,36136.60858453366,17482.55842582442,0.0,56531.35456369289
2020-01-29,112631.36505163701,-57900.88529883618,-1028.852098948422,-41853.275922360874,0.0,-76961.03240794611,-32453.94807685441,36136.60858453366,16406.3387003791,0.0,54730.47975280083
2020-01-30,112498.81486304646,-46314.268145199305,4.796513281810738,-40819.62731013064,0.0,-76961.03240794611,-20797.039682517236,36136.60858453366,15302.398847448576,0.0,66184.54671784714
2020-01-31,112366.2646744559,-48477.82933646226,1038.4451255120434,-39785.97869790041,0.0,-76961.03240794611,-22883.705584092782,36136.60858453366,14191.854945530935,0.0,63888.435337993644
2020-02-01,112233.71448586535,15499.26801628554,2072.0937377422765,-3286.690500438212,19347.950096493,-60843.34291920715,5690.0145139063825,36136.60858453366,13095.944002817367,0.0,127732.98250215089
2020-02-02,112101.16429727476,48992.7305580715,3105.742349972509,-2253.0418882079803,19347.950096493,-60843.34291920715,39210.31711435651,36136.60858453366,12035.455331922967,0.0,161093.89485534627
2020-02-03,111968.61410868418,45289.87398218384,-3096.1493234088875,-27802.883658082377,0.0,-60843.34291920715,62062.55628293607,36136.60858453366,11030.201357330148,0.0,157258.48809086802
2020-02-04,111836.06392009363,-47498.88885326116,-2062.500711178655,-26769.23504585214,0.0,-60843.34291920715,-30828.194567847106,36136.60858453366,10098.540760438087,0.0,64337.17506683247
2020-02-05,111703.51373150307,-48932.56975023981,-1028.852098948422,-25735.58643362191,0.0,-60843.34291920715,-32453.94807678265,36136.60858453366,9256.96476016474,0.0,62770.94398126326
2020-02-06,111570.96354291249,-36979.22251423005,4.796513281810738,-24701.93782139168,0.0,-60843.34291920715,-20797.03968254268,36136.60858453366,8519.754989704305,0.0,74591.74102868245
2020-02-07,111438.41335432192,-38653.27585297093,1038.4451255120434,-23668.289209161445,0.0,-60843.34291920715,-22883.705584023584,36136.60858453366,7898.718940214098,0.0,72785.13750135098
2020-02-08,111305.86316573135,9806.330392723523,2072.0937377422765,-3286.690500438212,19347.950096493,-60843.34291920715,5690.014514032251,36136.60858453366,7403.006379129483,0.0,121112.19355845488
2020-02-09,111173.3129771408,43996.28282129458,3105.742349972509,-2253.0418882079803,19347.950096493,-60843.34291920715,39210.31711433863,36136.60858453366,7039.007595163928,0.0,155169.5957984354
2020-02-10,111040.76278855024,41070.00447435188,-3096.1493234088875,-27802.883658082377,0.0,-60843.34291920715,62062.55628289804,36136.60858453366,6810.331849536218,0.0,152110.7672629021
2020-02-11,110908.21259995966,-50879.567516335715,-2062.500711178655,-26769.23504585214,0.0,-60843.34291920715,-30828.19456763907,36136.60858453366,6717.8620971555,0.0,60028.645083623946
2020-02-12,110775.66241136908,-51429.65456391555,-1028.852098948422,-25735.58643362191,0.0,-60843.34291920715,-32453.948076710905,36136.60858453366,6759.8799464172625,0.0,59346.007847453526
2020-02-13,110643.11222277852,-38566.724494784445,4.796513281810738,-24701.93782139168,0.0,-60843.34291920715,-20797.039682607083,36136.60858453366,6932.25300921431,0.0,72076.38772799408
2020-02-14,110510.56203418797,-39323.31949402672,1038.4451255120434,-23668.289209161445,0.0,-60843.34291920715,-22883.70558405006,36136.60858453366,7228.675299184789,0.0,71187.24254016124
2020-02-15,110378.01184559739,10044.274215018419,2072.0937377422765,-3286.690500438212,19347.950096493,-60843.34291920715,5690.01451400738,36136.60858453366,7640.9502014492455,0.0,120422.2860606158
2020-02-16,110245.46165700682,45116.580009150464,3105.742349972509,-2253.0418882079803,19347.950096493,-60843.34291920715,39210.31711440102,36136.60858453366,8159.304782957425,0.0,155362.04166615728
2020-02-17,110112.91146841625,43032.39647428211,-3096.1493234088875,-27802.883658082377,0.0,-60843.34291920715,62062.55628286002,36136.60858453366,8772.723849504455,0.0,153145.30794269836
2020-02-18,109980.3612798257,-48128.13743372459,-2062.500711178655,-26769.23504585214,0.0,-60843.34291920715,-30828.194567718165,36136.60858453366,9469.292179845717,0.0,61852.22384610111
2020-02-19,109847.81109123511,-47953.00074527054,-1028.852098948422,-25735.58643362191,0.0,-60843.34291920715,-32453.948076797504,36136.60858453366,10236.533765148873,0.0,61894.81034596457
2020-02-20,109715.26090264454,-34437.23987817205,4.796513281810738,-24701.93782139168,0.0,-60843.34291920715,-20797.039682380375,36136.60858453366,11061.737625600003,0.0,75278.02102447249
2020-02-21,109582.71071405399,-34619.733963843726,1038.4451255120434,-23668.289209161445,0.0,-60843.34291920715,-22883.705584076553,36136.60858453366,11932.260829394269,0.0,74962.97675021026
2020-02-22,109450.16052546342,15239.124669598772,2072.0937377422765,-3286.690500438212,19347.950096493,-60843.34291920715,5690.014513874247,36136.60858453366,12835.800656162735,0.0,124689.2851950622
2020-02-23,109317.61033687287,50717.90460079821,3105.742349972509,-2253.0418882079803,19347.950096493,-60843.34291920715,39210.31711446341,36136.60858453366,13760.629374542783,0.0,160035.51493767108
2020-02-24,109185.06014828228,48955.45940792204,-3096.1493234088875,-27802.883658082377,0.0,-60843.34291920715,62062.55628282506,36136.60858453366,14695.786783179354,0.0,158140.51955620432
2020-02-25,109052.50995969171,-41966.202178943684,-2062.500711178655,-26769.23504585214,0.0,-60843.34291920715,-30828.194567751623,36136.60858453366,15631.227434660083,0.0,67086.30778074803
2020-02-26,108919.95977110114,-41631.61325119992,-1028.852098948422,-25735.58643362191,0.0,-60843.34291920715,-32453.948076725752,36136.60858453366,16557.921259147744,0.0,67288.34651990123
2020-02-27,108787.40958251059,-28031.069436998518,4.796513281810738,-24701.93782139168,0.0,-60843.34291920715,-20797.039682502855,36136.60858453366,17467.908066896012,0.0,80756.34014551208
2020-02-28,108654.85939392002,-28197.686716581782,1038.4451255120434,-23668.289209161445,0.0,-60843.34291920715,-22883.70558410303,36136.60858453366,18354.308076682693,0.0,80457.17267733824
2020-02-29,108522.30920532944,21614.616149027952,2072.0937377422765,-3286.690500438212,19347.950096493,-60843.34291920715,5690.01451384938,36136.60858453366,19211.292135616783,0.0,130136.92535435739
2020-03-01,108389.75901673888,73108.98133161849,3105.742349972509,13864.647600530972,19347.950096493,-44725.65343046819,39210.317114272664,36136.60858453366,20034.016616814853,0.0,181498.74034835736
2020-03-02,108257.20882814832,71195.89117738062,-3096.1493234088875,-11685.194169343422,0.0,-44725.65343046819,62062.55628278399,36136.60858453366,20818.52906394004,0.0,179453.10000552895
2020-03-03,108124.65863955776,-19918.088659932277,-2062.500711178655,-10651.54555711319,0.0,-44725.65343046819,-30828.194567785093,36136.60858453366,21561.651464966002,0.0,88206.56997962549
2020-03-04,107992.10845096718,-19810.996462033294,-1028.852098948422,-9617.896944882958,0.0,-44725.65343046819,-32453.94807679156,36136.60858453366,22260.848559641217,0.0,88181.11198893389
2020-03-05,107859.55826237661,-6467.199209489043,4.796513281810738,-8584.248332652724,0.0,-44725.65343046819,-20797.03968247022,36136.60858453366,22914.0888056339,0.0,101392.35905288756
2020-03-06,107727.00807378606,-6914.599757723391,1038.4451255120434,-7550.599720422491,0.0,-44725.65343046819,-22883.705584033833,36136.60858453366,23519.705546732934,0.0,100812.40831606266
2020-03-07,107594.45788519549,42597.27905549024,2072.0937377422765,12830.998988300742,19347.950096493,-44725.65343046819,5690.014513899876,36136.60858453366,24076.26555328962,0.0,150191.73694068572
2020-03-08,107461.90769660492,77657.41617552235,3105.742349972509,13864.647600530972,19347.950096493,-44725.65343046819,39210.31711433504,36136.60858453366,24582.451460656324,0.0,185119.32387212728
2020-03-09,107329.35750801435,75414.3258589915,-3096.1493234088875,-11685.194169343422,0.0,-44725.65343046819,62062.556282954596,36136.60858453366,25036.963745380337,0.0,182743.68336700584
2020-03-10,107196.80731942378,-16041.293336137885,-2062.500711178655,-10651.54555711319,0.0,-44725.65343046819,-30828.194567818548,36136.60858453366,25438.44678879385,0.0,91155.5139832859
2020-03-11,107064.25713083321,-16286.40269336478,-1028.852098948422,-9617.896944882958,0.0,-44725.65343046819,-32453.948076719807,36136.60858453366,25785.442328237983,0.0,90777.85443746843
2020-03-12,106931.70694224264,-3304.915778924558,4.796513281810738,-8584.248332652724,0.0,-44725.65343046819,-20797.03968253462,36136.60858453366,26076.372236262785,0.0,103626.79116331809
2020-03-13,106799.15675365209,-4124.754153418513,1038.4451255120434,-7550.599720422491,0.0,-44725.65343046819,-22883.705584155992,36136.60858453366,26309.551151159973,0.0,102674.40260023357
2020-03-14,106666.6065650615,45004.24156425857,2072.0937377422765,12830.998988300742,19347.950096493,-44725.65343046819,5690.0145139503775,36136.60858453366,26483.22806200745,0.0,151670.84812932007
2020-03-15,106534.05637647095,79670.61929679193,3105.742349972509,13864.647600530972,19347.950096493,-44725.65343046819,39210.317114317164,36136.60858453366,26595.654581943803,0.0,186204.6756732629
2020-03-16,106401.50618788038,77022.53849019196,-3096.1493234088875,-11685.194169343422,0.0,-44725.65343046819,62062.556282916565,36136.60858453366,26645.176376618816,0.0,183424.04467807233
2020-03-17,106268.95599928981,-14849.397027308627,-2062.500711178655,-10651.54555711319,0.0,-44725.65343046819,-30828.194567897644,36136.60858453366,26630.343097702207,0.0,91419.55897198118
2020-03-18,106136.40581069925,-15521.813774984834,-1028.852098948422,-9617.896944882958,0.0,-44725.65343046819,-32453.948076806402,36136.60858453366,26550.031246704526,0.0,90614.5920357144
2020-03-19,106003.85562210868,-2977.7143189016315,4.796513281810738,-8584.248332652724,0.0,-44725.65343046819,-20797.03968259902,36136.60858453366,26403.573696350115,0.0,103026.14130320704
2020-03-20,105871.30543351812,-4243.416151856796,1038.4451255120434,-7550.599720422491,0.0,-44725.65343046819,-22883.705584060903,36136.60858453366,26190.8891526266,0.0,101627.88928166132
2020-03-21,105738.75524492754,44433.618169756744,2072.0937377422765,12830.998988300742,19347.950096493,-44725.65343046819,5690.0145140008735,36136.60858453366,25912.604667455118,0.0,150172.3734146843
2020-03-22,105606.20505633696,78645.12913266628,3105.742349972509,13864.647600530972,19347.950096493,-44725.65343046819,39210.317114379555,36136.60858453366,25570.16441775575,0.0,184251.33418900322
2020-03-23,105473.6548677464,75543.28046268178,-3096.1493234088875,-11685.194169343422,0.0,-44725.65343046819,62062.5562828816,36136.60858453366,25165.9183491436,0.0,181016.93533042818
2020-03-24,105341.10467915585,-16776.55519578133,-2062.500711178655,-10651.54555711319,0.0,-44725.65343046819,-30828.19456788547,36136.60858453366,24703.184929217332,0.0,88564.54948337452
2020-03-25,105208.5544905653,-17885.561876649917,-1028.852098948422,-9617.896944882958,0.0,-44725.65343046819,-32453.948076872206,36136.60858453366,24186.283145105244,0.0,87322.99261391538
2020-03-26,105076.00430197471,-5760.758033723838,4.796513281810738,-8584.248332652724,0.0,-44725.65343046819,-20797.03968246935,36136.60858453366,23620.52998139824,0.0,99315.24626825088
2020-03-27,104943.45411338416,-7422.104414275094,1038.4451255120434,-7550.599720422491,0.0,-44725.65343046819,-22883.705584087387,36136.60858453366,23012.200890234784,0.0,97521.34969910907
2020-03-28,104810.90392479357,40889.465671880134,2072.0937377422765,12830.998988300742,19347.950096493,-44725.65343046819,5690.014513976005,36136.60858453366,22368.45216960339,0.0,145700.3695966737
2020-03-29,104678.35373620302,74772.17036431086,3105.742349972509,13864.647600530972,19347.950096493,-44725.65343046819,39210.317114401805,36136.60858453366,21697.20564937808,0.0,179450.5241005139
2020-03-30,104545.80354761244,71384.35970766409,-3096.1493234088875,-11685.194169343422,0.0,-44725.65343046819,62062.556282846635,36136.60858453366,21006.99759416087,0.0,175930.1632552765
2020-03-31,104413.25335902185,-21172.94491213334,-2062.500711178655,-10651.54555711319,0.0,-44725.65343046819,-30828.19456772307,36136.60858453366,20306.79521270292,0.0,83240.30844688852
2020-04-01,104280.7031704313,-6348.369971657353,-1028.852098948422,6499.792543855996,0.0,-28607.96394172924,-32453.94807687963,36136.60858453366,19605.78556136628,0.0,97932.33319877395
2020-04-02,104148.15298184074,5649.544365099292,4.796513281810738,7533.441156086229,0.0,-28607.96394172924,-20797.039682533756,36136.60858453366,18913.142891546817,0.0,109797.69734694004
2020-04-03,104015.60279325019,3921.16575464319,1038.4451255120434,8567.089768316462,0.0,-28607.96394172924,-22883.70558401819,36136.60858453366,18237.78157034492,0.0,107936.76854789339
2020-04-04,103883.05260465958,52226.805548108365,2072.0937377422765,28948.688477039694,19347.950096493,-28607.96394172924,5690.014513918246,36136.60858453366,17588.102557150414,0.0,156109.85815276793
2020-04-05,103750.50241606902,86164.39621447817,3105.742349972509,29982.337089269928,19347.950096493,-28607.96394172924,39210.31711425119,36136.60858453366,16971.742010957056,0.0,189914.8986305472
